origin_date,spot,realized_return,q05,q95,baseline_q05,baseline_q95,split
2015-09-02,1.1242,0.006207344574333612,-0.03342875,0.03676115,-0.03447262147628437,0.0236211068436642,validation
2015-09-03,1.1104,0.022616937690791983,-0.03336507,0.035871733,-0.03447262147628437,0.0236211068436642,validation
2015-09-04,1.1117,0.007795389146384293,-0.03332158,0.035454437,-0.03447262147628437,0.0236211068436642,validation
2015-09-08,1.1182,-0.004391671857883445,-0.03285351,0.0357967,-0.03452991766402055,0.0236211068436642,validation
2015-09-09,1.1165,-0.00044792833895626605,-0.03332158,0.036041223,-0.03452991766402055,0.0236211068436642,validation
2015-09-10,1.1262,-0.0008883362048164589,-0.033572916,0.034698073,-0.03452991766402055,0.0236211068436642,validation
2015-09-11,1.1338,-0.01296067853893186,-0.034341086,0.035630237,-0.03452991766402055,0.0236211068436642,validation
2015-09-14,1.1307,-0.006299093711110926,-0.033723924,0.0357864,-0.03452991766402055,0.0236211068436642,validation
2015-09-15,1.126,-0.0012441128415342229,-0.032748282,0.036703244,-0.03452991766402055,0.0236211068436642,validation
2015-09-16,1.1304,-0.012641493015984481,-0.032924715,0.035616785,-0.03452991766402055,0.0236211068436642,validation
2015-09-17,1.1312,-0.009950330853167974,-0.03426324,0.036536783,-0.03452991766402055,0.0236211068436642,validation
2015-09-18,1.1358,-0.007245768203374664,-0.034400653,0.036426406,-0.03452991766402055,0.023496835121518494,validation
2015-09-21,1.1204,-0.0003570790968131926,-0.03402552,0.03536147,-0.03452991766402055,0.022757478451696306,validation
2015-09-22,1.1133,0.011875669725952068,-0.034219597,0.033209812,-0.03452991766402055,0.022757478451696306,validation
2015-09-23,1.116,0.007943278857523883,-0.034102168,0.03331878,-0.03452991766402055,0.022757478451696306,validation
2015-09-24,1.1252,0.0026626446901740486,-0.03405868,0.03379648,-0.03452991766402055,0.022757478451696306,validation
2015-09-25,1.1192,0.015163225572692077,-0.034511443,0.03340484,-0.03452991766402055,0.022757478451696306,validation
2015-09-28,1.1236,0.012910250938935067,-0.033894654,0.033512328,-0.03452991766402055,0.022757478451696306,validation
2015-09-29,1.1246,0.016841203929069612,-0.034954034,0.033726636,-0.03452991766402055,0.022757478451696306,validation
2015-09-30,1.1162,0.02267590517582549,-0.03394658,0.03339051,-0.03452991766402055,0.022757478451696306,validation
2015-10-01,1.12,0.014184634991956241,-0.035384033,0.033546202,-0.03452991766402055,0.022757478451696306,validation
2015-10-02,1.1276,0.0038944995231707247,-0.033894163,0.036042392,-0.03452991766402055,0.022757478451696306,validation
2015-10-05,1.12,0.014096602948235504,-0.03379361,0.035060566,-0.03452991766402055,0.022757478451696306,validation
2015-10-06,1.1266,0.006987777759282832,-0.033083502,0.035121687,-0.03452991766402055,0.022757478451696306,validation
2015-10-07,1.1249,-0.009737001311550808,-0.03292304,0.03507602,-0.03452991766402055,0.022757478451696306,validation
2015-10-08,1.1282,-0.02385977389143079,-0.033774108,0.034101162,-0.03452991766402055,0.022757478451696306,validation
2015-10-09,1.1363,-0.027841541329226963,-0.033774108,0.033716075,-0.03452991766402055,0.022757478451696306,validation
2015-10-13,1.1382,-0.02942175311976218,-0.03497874,0.033779208,-0.03452991766402055,0.022757478451696306,validation
2015-10-14,1.1437,-0.032976369323161586,-0.03423507,0.035994843,-0.03452991766402055,0.022757478451696306,validation
2015-10-15,1.1418,-0.04066509084966437,-0.03418177,0.035007212,-0.03452991766402055,0.022757478451696306,validation
2015-10-16,1.136,-0.028392229431152258,-0.034936823,0.03387776,-0.03452991766402055,0.022757478451696306,validation
2015-10-19,1.132,-0.02631495260754492,-0.035982896,0.03393662,-0.03452991766402055,0.022757478451696306,validation
2015-10-20,1.1359,-0.037036288527558026,-0.03483807,0.034774523,-0.03452991766402055,0.022757478451696306,validation
2015-10-21,1.1345,-0.04359872693390604,-0.035406455,0.034866653,-0.03452991766402055,0.022757478451696306,validation
2015-10-22,1.114,-0.024627533918088196,-0.03476138,0.037408486,-0.03452991766402055,0.022757478451696306,validation
2015-10-23,1.1016,-0.024815169119723923,-0.034279812,0.035255488,-0.03452991766402055,0.022757478451696306,validation
2015-10-26,1.1051,-0.026035020773065243,-0.034187373,0.036978513,-0.03452991766402055,0.022757478451696306,validation
2015-10-27,1.1052,-0.033676933525590466,-0.034390356,0.03785299,-0.03452991766402055,0.022757478451696306,validation
2015-10-28,1.1066,-0.027298571573546065,-0.034311127,0.036840513,-0.03452991766402055,0.022757478451696306,validation
2015-10-29,1.0963,-0.02222826128705699,-0.034318946,0.032965947,-0.03495342934728375,0.022757478451696306,validation
2015-10-30,1.1042,-0.030715058203746884,-0.033491354,0.033156883,-0.03495342934728375,0.022757478451696306,validation
2015-11-02,1.1026,-0.03619970508534522,-0.033580557,0.033384476,-0.03495342934728375,0.022757478451696306,validation
2015-11-03,1.0946,-0.02854159640160052,-0.034275457,0.032893028,-0.035005793328283935,0.022757478451696306,validation
2015-11-04,1.0861,-0.010644798991269327,-0.034551278,0.033205282,-0.035659929450297174,0.022757478451696306,validation
2015-11-05,1.0869,-0.019416281843351313,-0.034312733,0.032924715,-0.035659929450297174,0.022757478451696306,validation
2015-11-06,1.0746,-0.013490929741015352,-0.036436617,0.035513647,-0.035659929450297174,0.022757478451696306,validation
2015-11-09,1.0767,-0.01073823288189417,-0.03624584,0.03460144,-0.035659929450297174,0.022757478451696306,validation
2015-11-10,1.0686,-0.0065721765056731205,-0.035595674,0.034669697,-0.035659929450297174,0.022757478451696306,validation
2015-11-12,1.0768,-0.016102201492548603,-0.035648745,0.032615177,-0.035659929450297174,0.022757478451696306,validation
2015-11-13,1.0722,-0.01503505112060459,-0.035354983,0.03291575,-0.035659929450297174,0.022757478451696306,validation
2015-11-16,1.0708,-0.008252109844313224,-0.035698593,0.032870315,-0.035659929450297174,0.022757478451696306,validation
2015-11-17,1.0634,-0.005752833331757259,-0.03539269,0.03238958,-0.036222614248118894,0.022757478451696306,validation
2015-11-18,1.0638,0.02451376232196327,-0.03650434,0.032965407,-0.036222614248118894,0.022757478451696306,validation
2015-11-19,1.0746,0.012760228614370164,-0.033520438,0.03465137,-0.036222614248118894,0.022757478451696306,validation
2015-11-20,1.066,0.016744577273801686,-0.034714863,0.02960982,-0.036222614248118894,0.022757478451696306,validation
2015-11-23,1.0602,0.02551586420460982,-0.034865063,0.030327758,-0.036222614248118894,0.022757478451696306,validation
2015-11-24,1.0652,0.030692000513984227,-0.033929713,0.030136708,-0.036222614248118894,0.022757478451696306,validation
2015-11-25,1.0616,0.030794494148526162,-0.03406109,0.030132303,-0.036222614248118894,0.022757478451696306,validation
2015-11-27,1.0596,0.03760050304344304,-0.036105294,0.030292163,-0.036222614248118894,0.022757478451696306,validation
2015-11-30,1.0562,0.04290276704816828,-0.03623446,0.030366216,-0.036222614248118894,0.022757478451696306,validation
2015-12-01,1.062,0.02703243885916881,-0.03529911,0.030275347,-0.036222614248118894,0.022757478451696306,validation
2015-12-02,1.0573,0.033847954602699244,-0.036184575,0.030403454,-0.036222614248118894,0.022757478451696306,validation
2015-12-03,1.0902,-0.009029822711720023,-0.033692475,0.03562548,-0.036222614248118894,0.023496835121518494,validation
2015-12-04,1.0884,-0.0034052768629194152,-0.033692475,0.035843953,-0.036222614248118894,0.023496835121518494,validation
2015-12-07,1.084,0.00735297430525883,-0.033692475,0.03571029,-0.036222614248118894,0.023496835121518494,validation
2015-12-08,1.0876,0.009334743357473377,-0.032879345,0.03742746,-0.036222614248118894,0.023590061231208045,validation
2015-12-09,1.0984,-0.00997309149092225,-0.032879345,0.037373632,-0.036222614248118894,0.024544807934419426,validation
2015-12-10,1.0948,0.0006391818689971268,-0.032884255,0.037953928,-0.036222614248118894,0.02515315363985866,validation
2015-12-11,1.1002,-0.0017284516470575106,-0.032937557,0.037500806,-0.036222614248118894,0.025504836359426145,validation
2015-12-14,1.1025,-0.00993581848681778,-0.034004495,0.037320595,-0.036222614248118894,0.025534732129362,validation
2015-12-15,1.0911,9.164642814460389e-05,-0.03284698,0.038120426,-0.036222614248118894,0.025950183507629485,validation
2015-12-16,1.0937,-0.007157307118325143,-0.03349483,0.037599977,-0.036222614248118894,0.027092631710045802,validation
2015-12-17,1.0804,-9.256259552124779e-05,-0.033501044,0.03718226,-0.036222614248118894,0.027092631710045802,validation
2015-12-18,1.0847,-0.009634164373675105,-0.033554345,0.036398172,-0.036222614248118894,0.027092631710045802,validation
2015-12-21,1.092,-0.014574559249531105,-0.033510856,0.038088415,-0.036222614248118894,0.027092631710045802,validation
2015-12-22,1.0978,-0.010806955621908115,-0.03290028,0.03765035,-0.036222614248118894,0.027092631710045802,validation
2015-12-23,1.0875,0.0009191177117630761,-0.033457555,0.037731044,-0.036222614248118894,0.027092631710045802,validation
2015-12-24,1.0955,-0.007053572046660669,-0.03290028,0.037653647,-0.036222614248118894,0.027092631710045802,validation
2015-12-28,1.0983,-0.013382417865350646,-0.03284698,0.037506305,-0.036222614248118894,0.027092631710045802,validation
2015-12-29,1.0916,-0.004959143233438365,-0.032936182,0.037553377,-0.036222614248118894,0.027092631710045802,validation
2015-12-30,1.0912,-0.004592641488452662,-0.033457555,0.038221758,-0.036222614248118894,0.027092631710045802,validation
2015-12-31,1.0859,0.009622949205775916,-0.033580635,0.037088096,-0.036222614248118894,0.027092631710045802,validation
2016-01-04,1.0803,0.009489223169021926,-0.036341634,0.03421999,-0.036222614248118894,0.027092631710045802,validation
2016-01-05,1.0743,0.015242085298936711,-0.03624132,0.035042748,-0.036222614248118894,0.027092631710045802,validation
2016-01-06,1.0762,0.006575619896202367,-0.036191434,0.033495665,-0.036222614248118894,0.027092631710045802,validation
2016-01-07,1.086,-0.004244723545976423,-0.03413509,0.033651054,-0.036222614248118894,0.027092631710045802,validation
2016-01-08,1.0885,-0.004880978516591666,-0.03393379,0.034152735,-0.036222614248118894,0.027092631710045802,validation
2016-01-11,1.0878,-0.0029460525819001854,-0.034731064,0.034148704,-0.036222614248118894,0.027092631710045802,validation
2016-01-12,1.0837,0.0027644691398562987,-0.03504127,0.03412348,-0.036222614248118894,0.027092631710045802,validation
2016-01-13,1.0862,0.008251628373494135,-0.03504127,0.033944372,-0.036222614248118894,0.027092631710045802,validation
2016-01-14,1.0862,-0.0027657434427344613,-0.035465654,0.035379082,-0.036222614248118894,0.027092631710045802,validation
2016-01-15,1.0964,-0.006955913091374458,-0.034936823,0.03435625,-0.036222614248118894,0.027092631710045802,validation
2016-01-19,1.0906,0.00018336847947224288,-0.033279195,0.035597228,-0.036222614248118894,0.027092631710045802,validation
2016-01-20,1.0908,0.013024456623303066,-0.034948945,0.034458384,-0.036222614248118894,0.027092631710045802,validation
2016-01-21,1.0833,0.033227457637126076,-0.03486256,0.033739503,-0.036222614248118894,0.027092631710045802,validation
2016-01-22,1.0814,0.02889241755127571,-0.035092924,0.03413509,-0.036222614248118894,0.027092631710045802,validation
2016-01-25,1.0832,0.03072689691119021,-0.036579076,0.033647284,-0.036222614248118894,0.027092631710045802,validation
2016-01-26,1.0846,0.041006377299425883,-0.03427809,0.033491243,-0.036222614248118894,0.027092631710045802,validation
2016-01-27,1.0867,0.032145463248065775,-0.034077156,0.0339563,-0.036222614248118894,0.027092631710045802,validation
2016-01-28,1.0952,0.03675236614878752,-0.035448223,0.03396607,-0.036222614248118894,0.027092631710045802,validation
2016-01-29,1.0832,0.036529189467373324,-0.03443396,0.034731902,-0.036222614248118894,0.027092631710045802,validation
2016-02-01,1.0888,0.022880969149973104,-0.03434476,0.033507958,-0.036222614248118894,0.027092631710045802,validation
2016-02-02,1.0908,0.021045769515795967,-0.033364464,0.035376742,-0.036222614248118894,0.027092631710045802,validation
2016-02-03,1.1051,0.0037032061468864202,-0.032912772,0.036864735,-0.036222614248118894,0.027092631710045802,validation
2016-02-04,1.1199,-0.006449901424992938,-0.03269831,0.036807697,-0.036222614248118894,0.028242524486840642,validation
2016-02-05,1.1131,-0.01020370946056405,-0.03264501,0.03681198,-0.036222614248118894,0.028386531191839863,validation
2016-02-08,1.117,-0.013882851654755682,-0.03269831,0.03663902,-0.036222614248118894,0.02887504469065823,validation
2016-02-09,1.13,-0.02500018200888983,-0.032736085,0.03558751,-0.036222614248118894,0.028901623697609766,validation
2016-02-10,1.1222,-0.017620017161288457,-0.03277821,0.03704664,-0.036222614248118894,0.02915731347975833,validation
2016-02-11,1.1362,-0.0385801860691137,-0.032831512,0.035975713,-0.036222614248118894,0.030693745333844526,validation
2016-02-12,1.1235,-0.03321121407319115,-0.032813568,0.03710435,-0.036222614248118894,0.030730276773057005,validation
2016-02-16,1.114,-0.026653690441057573,-0.033424143,0.036899645,-0.036222614248118894,0.030730276773057005,validation
2016-02-17,1.114,-0.02683809022030033,-0.03339314,0.03778157,-0.036222614248118894,0.030730276773057005,validation
2016-02-18,1.1092,-0.013067336575098926,-0.03339314,0.03694717,-0.036222614248118894,0.030730276773057005,validation
2016-02-19,1.1127,-0.010570636440974876,-0.03346955,0.036523588,-0.036222614248118894,0.030730276773057005,validation
2016-02-22,1.1018,-0.0012714559881965432,-0.034004435,0.036882132,-0.036222614248118894,0.030730276773057005,validation
2016-02-23,1.1016,0.001088731735196663,-0.03430922,0.036550894,-0.036222614248118894,0.030730276773057005,validation
2016-02-24,1.1021,9.07317516386924e-05,-0.03416889,0.03639904,-0.036222614248118894,0.030730276773057005,validation
2016-02-25,1.1026,0.012259032198750033,-0.03430922,0.036383677,-0.036222614248118894,0.030730276773057005,validation
2016-02-26,1.0932,0.022432199661131663,-0.034985088,0.033760376,-0.036676808350155646,0.030730276773057005,validation
2016-02-29,1.0868,0.021752848620881685,-0.03575975,0.033180315,-0.036676808350155646,0.030730276773057005,validation
2016-03-01,1.0847,0.024137061393962142,-0.03575975,0.033329345,-0.036676808350155646,0.030730276773057005,validation
2016-03-02,1.0845,0.02098617165236155,-0.0358789,0.030112956,-0.036676808350155646,0.030730276773057005,validation
2016-03-03,1.0948,0.03306086226088806,-0.03414467,0.034275472,-0.036676808350155646,0.030730276773057005,validation
2016-03-04,1.101,0.02529055965665429,-0.03346851,0.03490169,-0.036676808350155646,0.030730276773057005,validation
2016-03-07,1.1004,0.02299777964921608,-0.03465752,0.035117842,-0.036676808350155646,0.030730276773057005,validation
2016-03-08,1.1028,0.017973165338085767,-0.034911174,0.02911021,-0.036676808350155646,0.030730276773057005,validation
2016-03-09,1.1022,0.013696375575913328,-0.03523892,0.030685747,-0.036676808350155646,0.030730276773057005,validation
2016-03-10,1.1162,8.958566635329512e-05,-0.034236208,0.03529765,-0.036676808350155646,0.030730276773057005,validation
2016-03-11,1.118,-0.0014321520528774029,-0.034276795,0.03607351,-0.036676808350155646,0.030730276773057005,validation
2016-03-14,1.1107,0.009230696899085566,-0.033687696,0.036085032,-0.036676808350155646,0.030730276773057005,validation
2016-03-15,1.1112,0.008245251945819529,-0.034010023,0.036023945,-0.036676808350155646,0.030730276773057005,validation
2016-03-16,1.1075,0.022763759108715684,-0.03409155,0.031717766,-0.036676808350155646,0.030730276773057005,validation
2016-03-17,1.1316,0.0065181240197700885,-0.032906003,0.03634369,-0.036676808350155646,0.030846499508178284,validation
2016-03-18,1.1292,0.008202189124460121,-0.0328527,0.03663006,-0.036676808350155646,0.030846499508178284,validation
2016-03-21,1.126,0.011127907817345947,-0.0328527,0.037599586,-0.036676808350155646,0.030846499508178284,validation
2016-03-22,1.1228,0.012919390384971835,-0.0328527,0.037453268,-0.036676808350155646,0.030846499508178284,validation
2016-03-23,1.1174,0.02265182676976231,-0.0328527,0.037731107,-0.036676808350155646,0.030846499508178284,validation
2016-03-24,1.1163,0.01977979249629498,-0.03499223,0.04255148,-0.036676808350155646,0.030846499508178284,validation
2016-03-25,1.1164,0.021445217060271374,-0.03499223,0.04284045,-0.036676808350155646,0.030846499508178284,validation
2016-03-28,1.121,0.017859196267185004,-0.03500204,0.037659492,-0.036676808350155646,0.030846499508178284,validation
2016-03-29,1.1204,0.0169038052997854,-0.03432451,0.038411584,-0.036676808350155646,0.030846499508178284,validation
2016-03-30,1.133,-0.0043341804171316,-0.03374759,0.03609279,-0.036676808350155646,0.030846499508178284,validation
2016-03-31,1.139,-0.011301550626663937,-0.034057796,0.036202624,-0.036676808350155646,0.030846499508178284,validation
2016-04-01,1.1385,-0.007936549595736447,-0.034004495,0.036719155,-0.036676808350155646,0.030846499508178284,validation
2016-04-04,1.1386,-0.005636794914421928,-0.033671446,0.037534148,-0.036676808350155646,0.030846499508178284,validation
2016-04-05,1.1374,8.791595240614791e-05,-0.033671446,0.037121285,-0.036676808350155646,0.030846499508178284,validation
2016-04-06,1.143,-0.008787402766804342,-0.03413097,0.037146717,-0.036676808350155646,0.030846499508178284,validation
2016-04-07,1.1386,-0.007493313150876368,-0.034487296,0.037982512,-0.036676808350155646,0.030846499508178284,validation
2016-04-08,1.1406,-0.014749660198217218,-0.03436826,0.037510168,-0.036676808350155646,0.030846499508178284,validation
2016-04-11,1.1412,-0.012166243691870318,-0.03427906,0.038000565,-0.036676808350155646,0.030846499508178284,validation
2016-04-12,1.1395,-0.006780283977315532,-0.03436826,0.037960574,-0.036676808350155646,0.030846499508178284,validation
2016-04-13,1.1281,0.003627840991684894,-0.034853317,0.037104107,-0.036676808350155646,0.030846499508178284,validation
2016-04-14,1.1262,0.005578444536670918,-0.034494977,0.034042493,-0.036676808350155646,0.030846499508178284,validation
2016-04-15,1.1295,0.012843244798840192,-0.034063965,0.03363239,-0.036676808350155646,0.030846499508178284,validation
2016-04-18,1.1322,0.016989637135461144,-0.033737835,0.03356623,-0.036676808350155646,0.030846499508178284,validation
2016-04-19,1.1375,0.011624480852287455,-0.03130954,0.03596139,-0.036676808350155646,0.030846499508178284,validation
2016-04-20,1.133,0.013674827402189893,-0.032301165,0.03567136,-0.036676808350155646,0.030846499508178284,validation
2016-04-21,1.1301,0.009072953672411815,-0.032301165,0.03559792,-0.036676808350155646,0.030846499508178284,validation
2016-04-22,1.1239,0.016063893532339946,-0.036671616,0.03396501,-0.036676808350155646,0.030846499508178284,validation
2016-04-25,1.1274,0.011289588950006993,-0.03521868,0.029506098,-0.036676808350155646,0.030846499508178284,validation
2016-04-26,1.1318,0.005990151808558164,-0.03559296,0.02953333,-0.036676808350155646,0.030846499508178284,validation
2016-04-27,1.1322,0.010717839573395643,-0.033179455,0.029544996,-0.036676808350155646,0.030846499508178284,validation
2016-04-28,1.1325,0.004844757329087013,-0.03304587,0.028455049,-0.036676808350155646,0.030846499508178284,validation
2016-04-29,1.1441,-0.012931783468161817,-0.03274777,0.028605793,-0.036676808350155646,0.030846499508178284,validation
2016-05-02,1.1516,-0.016459835798565414,-0.031568088,0.029577812,-0.036676808350155646,0.030846499508178284,validation
2016-05-03,1.1508,-0.014970732653839969,-0.031425618,0.030116701,-0.036676808350155646,0.030846499508178284,validation
2016-05-04,1.1486,-0.018452329190238786,-0.031505108,0.028925238,-0.036676808350155646,0.030846499508178284,validation
2016-05-05,1.1404,-0.016801173348944876,-0.03314322,0.028693352,-0.036676808350155646,0.030846499508178284,validation
2016-05-06,1.1421,-0.01891518299857893,-0.034024782,0.025281506,-0.036676808350155646,0.030846499508178284,validation
2016-05-09,1.1402,-0.018589541246210192,-0.034853,0.025817769,-0.036676808350155646,0.030846499508178284,validation
2016-05-10,1.1386,-0.02139356369105795,-0.034853,0.025817769,-0.036676808350155646,0.030846499508178284,validation
2016-05-11,1.1444,-0.025667397220501972,-0.03149381,0.026446631,-0.036676808350155646,0.030846499508178284,validation
2016-05-12,1.138,-0.017373243206730282,-0.031053526,0.02630397,-0.036676808350155646,0.030846499508178284,validation
2016-05-13,1.1294,-0.013729376751506872,-0.03471153,0.02563815,-0.036676808350155646,0.030846499508178284,validation
2016-05-16,1.1328,-0.017184236242033094,-0.03446632,0.025550677,-0.036676808350155646,0.030846499508178284,validation
2016-05-17,1.1337,-0.01528782774334031,-0.034162194,0.025796669,-0.036676808350155646,0.030846499508178284,validation
2016-05-18,1.1276,-0.01060946964082346,-0.034900486,0.025864257,-0.036676808350155646,0.030846499508178284,validation
2016-05-19,1.1214,0.010291077338434207,-0.03516875,0.025808712,-0.036676808350155646,0.030846499508178284,validation
2016-05-20,1.1207,0.013031521678643479,-0.035063803,0.026184764,-0.036676808350155646,0.030846499508178284,validation
2016-05-23,1.1192,0.014018506564231661,-0.035074133,0.025883863,-0.036676808350155646,0.030846499508178284,validation
2016-05-24,1.1145,0.02262238856261746,-0.034270845,0.026407473,-0.036676808350155646,0.030846499508178284,validation
2016-05-25,1.1154,0.015567631923989633,-0.03422876,0.026118588,-0.036676808350155646,0.030846499508178284,validation
2016-05-26,1.1184,0.008635709131328856,-0.03489907,0.026090916,-0.036676808350155646,0.030846499508178284,validation
2016-05-27,1.114,0.012666300818646392,-0.034277316,0.026141467,-0.036676808350155646,0.030846499508178284,validation
2016-05-31,1.1135,0.006356048433761932,-0.034458097,0.024832789,-0.036676808350155646,0.030846499508178284,validation
2016-06-01,1.1165,0.00660598724400871,-0.03409588,0.02465604,-0.036676808350155646,0.030846499508178284,validation
2016-06-02,1.1157,8.962581229390865e-05,-0.033957247,0.024985066,-0.036676808350155646,0.030846499508178284,validation
2016-06-03,1.133,-0.006552755227827084,-0.032975275,0.025333406,-0.036676808350155646,0.030846499508178284,validation
2016-06-06,1.1354,-0.0031757260282024302,-0.032975275,0.025143158,-0.036676808350155646,0.030846499508178284,validation
2016-06-07,1.135,-0.007783517094984843,-0.032975275,0.025881026,-0.036676808350155646,0.030846499508178284,validation
2016-06-08,1.14,-0.010050335853501305,-0.033026792,0.025409749,-0.036676808350155646,0.030846499508178284,validation
2016-06-09,1.1329,0.003876315310955905,-0.032975275,0.025544958,-0.036676808350155646,0.030846499508178284,validation
2016-06-10,1.1281,-0.01383518296968185,-0.023642752,0.025780283,-0.036676808350155646,0.030846499508178284,validation
2016-06-13,1.1282,-0.023133821046481637,-0.023867639,0.027370239,-0.036676808350155646,0.030846499508178284,validation
2016-06-14,1.1206,-0.013656995732021657,-0.025405753,0.025657756,-0.036676808350155646,0.030846499508178284,validation
2016-06-15,1.1239,-0.010914404284652096,-0.025552744,0.025654359,-0.036676808350155646,0.030846499508178284,validation
2016-06-16,1.1158,-0.011356588932335862,-0.025641674,0.02692558,-0.036676808350155646,0.030846499508178284,validation
2016-06-17,1.1256,-0.009910352974255646,-0.02784022,0.028504597,-0.036676808350155646,0.030846499508178284,validation
2016-06-20,1.1318,-0.021252697401194176,-0.027911333,0.028134093,-0.036676808350155646,0.030846499508178284,validation
2016-06-21,1.1262,-0.01656334029763115,-0.028046545,0.027846789,-0.036676808350155646,0.030846499508178284,validation
2016-06-22,1.1286,-0.01977604604393536,-0.028015234,0.028862178,-0.036676808350155646,0.030846499508178284,validation
2016-06-23,1.1373,-0.029898260184998013,-0.028680405,0.02967692,-0.036676808350155646,0.030846499508178284,validation
2016-06-24,1.1126,-0.007306874781020975,-0.03369427,0.026250215,-0.036676808350155646,0.030846499508178284,validation
2016-06-27,1.1024,0.004525304129472579,-0.033648614,0.028761208,-0.036676808350155646,0.030846499508178284,validation
2016-06-28,1.1054,0.005233252040971456,-0.03359873,0.026124058,-0.036676808350155646,0.030846499508178284,validation
2016-06-29,1.1117,-0.0007198776518925198,-0.033490922,0.026258366,-0.036676808350155646,0.030846499508178284,validation
2016-06-30,1.1032,0.002444435602222378,-0.033668566,0.029481847,-0.036676808350155646,0.030846499508178284,validation
2016-07-01,1.1145,-0.006210361529116887,-0.03317658,0.027856689,-0.036676808350155646,0.030846499508178284,validation
2016-07-05,1.108,-0.005974490478848141,-0.033054218,0.029849939,-0.036676808350155646,0.030846499508178284,validation
2016-07-06,1.1077,-0.006339452493540995,-0.033054218,0.030237261,-0.036676808350155646,0.030846499508178284,validation
2016-07-07,1.1065,-0.00443821207665937,-0.03372462,0.02999713,-0.036676808350155646,0.030846499508178284,validation
2016-07-08,1.1038,-0.006361922757296176,-0.03338244,0.02673477,-0.036676808350155646,0.030846499508178284,validation
2016-07-11,1.1045,-0.005902400790695872,-0.03513126,0.027117256,-0.036676808350155646,0.030846499508178284,validation
2016-07-12,1.1074,-0.008160349935105421,-0.03457552,0.029580772,-0.036676808350155646,0.030846499508178284,validation
2016-07-13,1.1112,-0.011221837219015193,-0.034486316,0.027527506,-0.036676808350155646,0.030846499508178284,validation
2016-07-14,1.1109,-0.001351168966542582,-0.034486316,0.026432829,-0.036676808350155646,0.030846499508178284,validation
2016-07-15,1.1059,0.009807969926793642,-0.034532387,0.026870003,-0.036676808350155646,0.030846499508178284,validation
2016-07-18,1.1076,0.008988016645945285,-0.034486316,0.026504474,-0.036676808350155646,0.030846499508178284,validation
2016-07-19,1.1014,0.01897624278802834,-0.035221975,0.026564892,-0.036676808350155646,0.030846499508178284,validation
2016-07-20,1.1007,0.014700179039854627,-0.035181146,0.025993573,-0.036676808350155646,0.030846499508178284,validation
2016-07-21,1.1016,0.010654728334962324,-0.03510522,0.025993573,-0.036676808350155646,0.030846499508178284,validation
2016-07-22,1.0968,0.010159739059124567,-0.035255134,0.025983082,-0.036676808350155646,0.030846499508178284,validation
2016-07-25,1.098,0.008885723529527406,-0.035549253,0.026258739,-0.036676808350155646,0.030846499508178284,validation
2016-07-26,1.0984,0.01140593518586866,-0.033375185,0.02655322,-0.036676808350155646,0.030846499508178284,validation
2016-07-27,1.0988,0.016517366355683877,-0.033026084,0.02655322,-0.036676808350155646,0.030846499508178284,validation
2016-07-28,1.1094,0.0066481243869739165,-0.03185087,0.0257751,-0.036676808350155646,0.030846499508178284,validation
2016-07-29,1.1168,0.00035810206291363167,-0.031143745,0.027249543,-0.036676808350155646,0.030846499508178284,validation
2016-08-01,1.1176,0.002055866645895771,-0.031715803,0.025539117,-0.036676808350155646,0.030846499508178284,validation
2016-08-02,1.1225,0.004621819621832529,-0.031044353,0.026683275,-0.036676808350155646,0.030846499508178284,validation
2016-08-03,1.117,0.008291403984450205,-0.030031161,0.026919145,-0.036676808350155646,0.030846499508178284,validation
2016-08-04,1.1134,0.017803567986111504,-0.03158019,0.026348,-0.036676808350155646,0.030846499508178284,validation
2016-08-05,1.108,0.02195928637247546,-0.032609392,0.026410565,-0.036676808350155646,0.030846499508178284,validation
2016-08-08,1.1078,0.02107973731005186,-0.032609392,0.026871486,-0.036676808350155646,0.030846499508178284,validation
2016-08-09,1.111,0.017664836179805313,-0.03242538,0.02653804,-0.036676808350155646,0.030846499508178284,validation
2016-08-10,1.1171,0.00758018522337657,-0.0317772,0.026221912,-0.036676808350155646,0.030846499508178284,validation
2016-08-11,1.1168,0.009446643639366564,-0.03164388,0.026808163,-0.036676808350155646,0.030846499508178284,validation
2016-08-12,1.1172,0.005801256842834945,-0.031021297,0.027911404,-0.036676808350155646,0.030846499508178284,validation
2016-08-15,1.1199,-0.0015191459961027554,-0.031021297,0.027933588,-0.036676808350155646,0.030846499508178284,validation
2016-08-16,1.1277,-0.011325755344022803,-0.031173311,0.028477766,-0.036676808350155646,0.030846499508178284,validation
2016-08-17,1.1263,-0.010442327918214894,-0.030968925,0.028749187,-0.036676808350155646,0.030846499508178284,validation
2016-08-18,1.1334,-0.012429137278259686,-0.031246567,0.027776577,-0.036676808350155646,0.030846499508178284,validation
2016-08-19,1.1326,-0.014944238268276788,-0.031101272,0.028361542,-0.036676808350155646,0.030846499508178284,validation
2016-08-22,1.1314,-0.00682899199519868,-0.030990195,0.028289832,-0.036676808350155646,0.030846499508178284,validation
2016-08-23,1.1308,-0.006209547141337549,-0.031013044,0.028900145,-0.036676808350155646,0.030846499508178284,validation
2016-08-24,1.1256,0.0,-0.031179646,0.027708426,-0.036676808350155646,0.030846499508178284,validation
2016-08-25,1.1274,-0.005336191957902484,-0.031682253,0.02695416,-0.036676808350155646,0.030846499508178284,validation
2016-08-26,1.1237,-0.0006231361754134301,-0.032411795,0.025955496,-0.036676808350155646,0.030846499508178284,validation
2016-08-29,1.1182,0.005351421975429677,-0.03267305,0.02564593,-0.036676808350155646,0.030846499508178284,validation
2016-08-30,1.115,0.010793557353813765,-0.033188738,0.024986872,-0.036676808350155646,0.030846499508178284,validation
2016-08-31,1.1146,0.008931820722665365,-0.03298474,0.025136268,-0.036676808350155646,0.030846499508178284,validation
2016-09-01,1.1194,-0.0030419635160028186,-0.032754723,0.025487874,-0.036676808350155646,0.030846499508178284,validation
2016-09-02,1.1158,0.0018802888648520866,-0.03198827,0.025321195,-0.036676808350155646,0.030846499508178284,validation
2016-09-06,1.1237,-0.005801256842834945,-0.031156205,0.0262199,-0.036676808350155646,0.030846499508178284,validation
2016-09-07,1.1238,-0.006517007397885147,-0.031079188,0.027160645,-0.036676808350155646,0.030846499508178284,validation
2016-09-08,1.1256,-0.0024016022216862554,-0.031031866,0.025166716,-0.036676808350155646,0.030846499508178284,validation
2016-09-09,1.1214,0.0008022463326381041,-0.032339763,0.024707902,-0.036676808350155646,0.030846499508178284,validation
2016-09-12,1.123,0.003555559301333125,-0.031899996,0.02461239,-0.036676808350155646,0.030846499508178284,validation
2016-09-13,1.1242,-0.003028955545177417,-0.031791314,0.02591986,-0.036676808350155646,0.030846499508178284,validation
2016-09-14,1.1271,-0.006319276958892575,-0.03160397,0.025730105,-0.036676808350155646,0.030846499508178284,validation
2016-09-15,1.1246,-0.00017785682572450667,-0.030435646,0.025354048,-0.036676808350155646,0.030846499508178284,validation
2016-09-16,1.116,0.006964935736841413,-0.032637272,0.0249098,-0.036676808350155646,0.030846499508178284,validation
2016-09-19,1.1179,0.002769218795879949,-0.031245377,0.024456758,-0.036676808350155646,0.030846499508178284,validation
2016-09-20,1.1172,0.003573985219611525,-0.021170776,0.023340408,-0.036676808350155646,0.030846499508178284,validation
2016-09-21,1.1165,0.0027726863610857827,-0.021457434,0.023724979,-0.036676808350155646,0.030846499508178284,validation
2016-09-22,1.1229,-0.006342988167065106,-0.020586058,0.024687737,-0.036676808350155646,0.030846499508178284,validation
2016-09-23,1.1223,-0.005987774268876395,-0.021229284,0.02468371,-0.036676808350155646,0.030846499508178284,validation
2016-09-26,1.127,-0.018628516479198595,-0.020565009,0.025490481,-0.036676808350155646,0.030846499508178284,validation
2016-09-27,1.1208,-0.017460618194416203,-0.020733828,0.024430303,-0.036676808350155646,0.030846499508178284,validation
2016-09-28,1.12,-0.014569913283739508,-0.020833468,0.024366662,-0.036676808350155646,0.030846499508178284,validation
2016-09-29,1.1244,-0.023303947207711936,-0.020331327,0.025610013,-0.036676808350155646,0.030846499508178284,validation
2016-09-30,1.1238,-0.021405619891635766,-0.020346545,0.025425898,-0.036676808350155646,0.030846499508178284,validation
2016-10-03,1.121,-0.01918372875527123,-0.021031156,0.024691593,-0.036676808350155646,0.030846499508178284,validation
2016-10-04,1.1212,-0.022185056320685084,-0.020961348,0.024689317,-0.036676808350155646,0.030846499508178284,validation
2016-10-05,1.1196,-0.02367937118039956,-0.020882307,0.024080357,-0.036676808350155646,0.030846499508178284,validation
2016-10-06,1.1158,-0.026518081294005166,-0.021331513,0.026682766,-0.036676808350155646,0.030846499508178284,validation
2016-10-07,1.1156,-0.024316204416077514,-0.021346731,0.026812099,-0.036676808350155646,0.030846499508178284,validation
2016-10-11,1.1062,-0.015670874627617265,-0.022218654,0.024136456,-0.036676808350155646,0.030846499508178284,validation
2016-10-12,1.1014,-0.008937587994197749,-0.022284444,0.02419019,-0.036676808350155646,0.030846499508178284,validation
2016-10-13,1.1038,-0.012214170623077919,-0.021970036,0.023408068,-0.036676808350155646,0.030846499508178284,validation
2016-10-14,1.0985,-0.004653505363766103,-0.022357281,0.023847453,-0.036676808350155646,0.030846499508178284,validation
2016-10-17,1.1,-0.0034605261744458937,-0.022354592,0.023035556,-0.036676808350155646,0.030846499508178284,validation
2016-10-18,1.0997,0.004083675533055622,-0.022566179,0.023964362,-0.036676808350155646,0.030846499508178284,validation
2016-10-19,1.0966,0.013855779739255517,-0.022682954,0.023789339,-0.036676808350155646,0.030846499508178284,validation
2016-10-20,1.0934,0.01452722116023529,-0.022641482,0.023789339,-0.036676808350155646,0.030846499508178284,validation
2016-10-21,1.0866,0.02319656470737365,-0.024164788,0.024255462,-0.036676808350155646,0.030846499508178284,validation
2016-10-24,1.0888,0.013682599668144502,-0.024150785,0.023761416,-0.036676808350155646,0.030846499508178284,validation
2016-10-25,1.089,0.013136477905369898,-0.023713069,0.025013333,-0.036676808350155646,0.030846499508178284,validation
2016-10-26,1.0916,0.0032924851400557703,-0.022895448,0.02453933,-0.036676808350155646,0.030846499508178284,validation
2016-10-27,1.0904,-0.002019646330497879,-0.022994502,0.025116691,-0.036676808350155646,0.030846499508178284,validation
2016-10-28,1.0934,-0.01948623323479884,-0.024224387,0.027246693,-0.036676808350155646,0.030846499508178284,validation
2016-10-31,1.0962,-0.02176404606319128,-0.021776278,0.027002536,-0.036676808350155646,0.030846499508178284,validation
2016-11-01,1.1042,-0.03155590470538337,-0.0214812,0.02677869,-0.036676808350155646,0.030846499508178284,validation
2016-11-02,1.1119,-0.042532242923078833,-0.020951021,0.025897505,-0.036676808350155646,0.030846499508178284,validation
2016-11-03,1.1094,-0.04555042051502124,-0.020633014,0.025535489,-0.036676808350155646,0.030846499508178284,validation
2016-11-04,1.1121,-0.04826427064400596,-0.024896177,0.02724964,-0.036676808350155646,0.030846499508178284,validation
2016-11-07,1.1038,-0.03879319085582963,-0.02103535,0.025398089,-0.036676808350155646,0.030846499508178284,validation
2016-11-08,1.1034,-0.043908136572123516,-0.020783195,0.025842017,-0.036676808350155646,0.030846499508178284,validation
2016-11-09,1.0952,-0.03313989626588522,-0.021323748,0.024973994,-0.036676808350155646,0.030846499508178284,validation
2016-11-10,1.0882,-0.028522764954403083,-0.021668231,0.025002452,-0.036676808350155646,0.030846499508178284,validation
2016-11-14,1.0723,-0.00908713920925714,-0.024236806,0.028838737,-0.036676808350155646,0.030846499508178284,validation
2016-11-15,1.0726,-0.013894327916945198,-0.02452592,0.02875902,-0.036676808350155646,0.030846499508178284,validation
2016-11-16,1.0699,-0.00609386407432292,-0.024530811,0.027750349,-0.036676808350155646,0.030846499508178284,validation
2016-11-17,1.0656,0.0009379983803770447,-0.024875447,0.02755367,-0.037074755870420674,0.030846499508178284,validation
2016-11-18,1.06,0.011536966119987113,-0.024483398,0.03149665,-0.03782333253268589,0.030846499508178284,validation
2016-11-21,1.0597,0.01126032353816106,-0.024821082,0.030136883,-0.03818060872864817,0.030846499508178284,validation
2016-11-22,1.0618,0.013098989689571093,-0.024916565,0.0261756,-0.0385908363084495,0.030846499508178284,validation
2016-11-23,1.056,0.006136436532365064,-0.024696568,0.03015474,-0.038820348696120055,0.030846499508178284,validation
2016-11-25,1.0595,-0.005109776447210321,-0.024862397,0.027181787,-0.038820348696120055,0.030846499508178284,validation
2016-11-28,1.0576,0.0028325956056076754,-0.02471335,0.027717995,-0.038820348696120055,0.030846499508178284,validation
2016-11-29,1.0626,0.0008466206234489307,-0.024912326,0.026018163,-0.038820348696120055,0.030846499508178284,validation
2016-11-30,1.0578,0.007346741154245176,-0.024383595,0.027268482,-0.038820348696120055,0.030846499508178284,validation
2016-12-01,1.0634,-0.02465734896538456,-0.025167739,0.025849894,-0.038820348696120055,0.030846499508178284,validation
2016-12-02,1.0666,-0.019885135856489565,-0.024517909,0.025172444,-0.038820348696120055,0.030846499508178284,validation
2016-12-05,1.0723,-0.026363316401126213,-0.025146818,0.026078977,-0.038820348696120055,0.030846499508178284,validation
2016-12-06,1.0717,-0.03098746061972414,-0.025225572,0.02608204,-0.038820348696120055,0.030846499508178284,validation
2016-12-07,1.0758,-0.03144289616618578,-0.0239792,0.025693865,-0.038820348696120055,0.030846499508178284,validation
2016-12-08,1.0625,-0.016416367152114558,-0.024337862,0.026815739,-0.038820348696120055,0.030846499508178284,validation
2016-12-09,1.0541,-0.008766135221078407,-0.022339072,0.026305493,-0.038820348696120055,0.030846499508178284,validation
2016-12-12,1.0606,-0.014052642948999307,-0.025232892,0.028181465,-0.038820348696120055,0.030846499508178284,validation
2016-12-13,1.0635,-0.02340289456380587,-0.025026228,0.026891239,-0.038820348696120055,0.030846499508178284,validation
2016-12-14,1.0656,-0.016082079647692406,-0.025025446,0.025922881,-0.038820348696120055,0.030846499508178284,validation
2016-12-15,1.0375,0.01691634929825131,-0.033603676,0.028334867,-0.038820348696120055,0.030846499508178284,validation
2016-12-16,1.0456,-0.0038328908557073924,-0.033465683,0.02707944,-0.038820348696120055,0.030846499508178284,validation
2016-12-19,1.0444,0.003059275808583138,-0.033509172,0.02752467,-0.038820348696120055,0.030846499508178284,validation
2016-12-20,1.039,0.019821498959434455,-0.03367009,0.028729608,-0.038820348696120055,0.030846499508178284,validation
2016-12-21,1.0425,0.012866510593250328,-0.033509172,0.027208466,-0.038820348696120055,0.030846499508178284,validation
2016-12-22,1.0452,0.011793935450964597,-0.03417478,0.026238268,-0.038820348696120055,0.030846499508178284,validation
2016-12-23,1.0449,0.01170271669006892,-0.034453135,0.027296117,-0.038820348696120055,0.030846499508178284,validation
2016-12-27,1.0458,0.004103254957917413,-0.03443664,0.027183274,-0.038820348696120055,0.030846499508178284,validation
2016-12-28,1.0389,0.026313558090015926,-0.034597557,0.02639845,-0.038820348696120055,0.030846499508178284,validation
2016-12-29,1.0486,0.013168680660139508,-0.033045225,0.029538188,-0.0385908363084495,0.030846499508178284,validation
2016-12-30,1.0552,0.01346092711935546,-0.03347121,0.0296501,-0.03818060872864817,0.030846499508178284,validation
2017-01-03,1.0416,0.02521699645136509,-0.034263127,0.030870738,-0.03818060872864817,0.030846499508178284,validation
2017-01-04,1.0476,0.014593265708390965,-0.033592824,0.030634185,-0.03818060872864817,0.030846499508178284,validation
2017-01-05,1.0598,0.013309785010148276,-0.033596843,0.030525295,-0.03818060872864817,0.030846499508178284,validation
2017-01-06,1.056,0.017739448712810954,-0.033533163,0.03107945,-0.03818060872864817,0.030846499508178284,validation
2017-01-09,1.0576,0.015667096575074806,-0.033533163,0.030982014,-0.03818060872864817,0.030846499508178284,validation
2017-01-10,1.0572,0.009227068571619264,-0.03350167,0.031132359,-0.03818060872864817,0.030846499508178284,validation
2017-01-11,1.0501,0.017838234313097466,-0.033464395,0.030791543,-0.03818060872864817,0.030846499508178284,validation
2017-01-12,1.0666,0.001405349929147981,-0.03416501,0.036722906,-0.03782333253268589,0.030846499508178284,validation
2017-01-13,1.0625,0.015780709385970454,-0.033619687,0.03647907,-0.037074755870420674,0.030846499508178284,validation
2017-01-17,1.0695,0.005873321316682056,-0.032831512,0.037053175,-0.037074755870420674,0.030846499508178284,validation
2017-01-18,1.0682,0.011171220253120825,-0.03277821,0.037392758,-0.037074755870420674,0.030846499508178284,validation
2017-01-19,1.063,0.015124926551598188,-0.03277821,0.036550302,-0.037074755870420674,0.030846499508178284,validation
2017-01-23,1.074,-0.0008383401357283521,-0.032831512,0.037260614,-0.03624153425745586,0.030846499508178284,validation
2017-01-24,1.0749,-0.005504001953972604,-0.032815486,0.037481084,-0.0356370202875235,0.030846499508178284,validation
2017-01-25,1.0743,-0.003263254026299317,-0.03284178,0.0377498,-0.035005793328283935,0.030846499508178284,validation
2017-01-26,1.067,-0.0011252814390713684,-0.032867413,0.03699438,-0.03449594370747,0.030846499508178284,validation
2017-01-27,1.069,-0.0037488328815197397,-0.032815486,0.036574706,-0.03371662565091359,0.030846499508178284,validation
2017-01-30,1.0681,-0.007329482163897269,-0.034868725,0.03697188,-0.03371662565091359,0.030846499508178284,validation
2017-01-31,1.0794,-0.020308591850535074,-0.032868788,0.036700733,-0.03371662565091359,0.030846499508178284,validation
2017-02-01,1.0758,-0.015078721658351876,-0.032867413,0.037830003,-0.03371662565091359,0.030846499508178284,validation
2017-02-02,1.0802,-0.013232883433000886,-0.033790685,0.03735458,-0.03371662565091359,0.030846499508178284,validation
2017-02-03,1.0792,-0.016631234499751568,-0.033567604,0.037621424,-0.03371662565091359,0.030846499508178284,validation
2017-02-06,1.0731,-0.016916106785035308,-0.033045445,0.037560813,-0.03371662565091359,0.030846499508178284,validation
2017-02-07,1.069,-0.012709043736669777,-0.035236273,0.036402047,-0.03371662565091359,0.030846499508178284,validation
2017-02-08,1.0708,-0.011458752222310256,-0.035236273,0.036494616,-0.03371662565091359,0.030846499508178284,validation
2017-02-09,1.0658,-0.007345357444437213,-0.035279762,0.03577785,-0.03371662565091359,0.030846499508178284,validation
2017-02-10,1.065,-0.0024442994213560235,-0.03544068,0.03625162,-0.03371662565091359,0.030846499508178284,validation
2017-02-13,1.0603,0.0014136942178186382,-0.037154596,0.034108352,-0.03371662565091359,0.030846499508178284,validation
2017-02-14,1.0577,-0.001229837911030117,-0.037111107,0.034012523,-0.03371662565091359,0.030846499508178284,validation
2017-02-15,1.0597,-0.00786323979544283,-0.036965042,0.033831637,-0.03371662565091359,0.030846499508178284,validation
2017-02-16,1.066,-0.010183003322685145,-0.0359139,0.03336489,-0.03371662565091359,0.030846499508178284,validation
2017-02-17,1.0614,-0.0026415109699073347,-0.036979534,0.033196144,-0.03371662565091359,0.030846499508178284,validation
2017-02-21,1.0551,0.0029338023219849865,-0.035454094,0.033009015,-0.03371662565091359,0.030846499508178284,validation
2017-02-22,1.0555,-0.0007582220058068856,-0.034739867,0.033333544,-0.03371662565091359,0.030846499508178284,validation
2017-02-23,1.0586,0.0,-0.03440128,0.032798685,-0.03371662565091359,0.030846499508178284,validation
2017-02-24,1.058,0.008189437213192381,-0.035194393,0.033269107,-0.03371662565091359,0.030846499508178284,validation
2017-02-27,1.0624,0.0043204725795839075,-0.033531256,0.03317473,-0.03371662565091359,0.030846499508178284,validation
2017-02-28,1.0618,0.002539624183962981,-0.03411316,0.035419878,-0.03371662565091359,0.030846499508178284,validation
2017-03-01,1.0564,0.006228197918970724,-0.034687042,0.03323009,-0.03371662565091359,0.030846499508178284,validation
2017-03-02,1.0514,0.02108114960312163,-0.03573565,0.032893337,-0.03371662565091359,0.030846499508178284,validation
2017-03-03,1.0552,0.017845876068254253,-0.0345416,0.032425,-0.033463931964793955,0.030846499508178284,validation
2017-03-06,1.0586,0.015745404951690467,-0.034541667,0.032699835,-0.03322328943734814,0.030846499508178284,validation
2017-03-07,1.0582,0.02131718716917687,-0.0346746,0.033300497,-0.03314346215625052,0.030846499508178284,validation
2017-03-08,1.0547,0.02370467483569693,-0.034276403,0.032932594,-0.032984545670297766,0.030846499508178284,validation
2017-03-09,1.0586,0.018809331957496206,-0.033824276,0.028472982,-0.03187551862671924,0.030846499508178284,validation
2017-03-10,1.0667,0.012946671778528276,-0.03277552,0.029499002,-0.03156898842593321,0.030846499508178284,validation
2017-03-13,1.067,0.019673982750071692,-0.03275035,0.030431062,-0.03144854659314566,0.030846499508178284,validation
2017-03-14,1.0645,0.019259096451242463,-0.03275035,0.030138781,-0.031010232397047224,0.030846499508178284,validation
2017-03-15,1.063,0.011783546052761627,-0.032831986,0.0301059,-0.030728678324545747,0.030846499508178284,validation
2017-03-16,1.0738,-0.0011181514396443881,-0.03016832,0.027480425,-0.029939100085935453,0.030846499508178284,validation
2017-03-17,1.0742,-0.004104483374209211,-0.03075719,0.027700456,-0.02944557847302397,0.030846499508178284,validation
2017-03-20,1.0754,-0.009248512836905906,-0.030569559,0.028205536,-0.02944557847302397,0.030846499508178284,validation
2017-03-21,1.081,-0.013598048774709326,-0.030917376,0.02827833,-0.02944557847302397,0.030846499508178284,validation
2017-03-22,1.08,-0.012953911161835974,-0.030864075,0.028693466,-0.02944557847302397,0.030846499508178284,validation
2017-03-23,1.0787,-0.012687920932263397,-0.030958848,0.02912644,-0.02944557847302397,0.030730276773057005,validation
2017-03-24,1.0806,-0.017739238391967553,-0.030914728,0.028807776,-0.02944557847302397,0.030730276773057005,validation
2017-03-27,1.0882,-0.025690169348795408,-0.031128025,0.028512651,-0.02944557847302397,0.030693745333844526,validation
2017-03-28,1.0852,-0.02217551039098213,-0.031008007,0.0291696,-0.02944557847302397,0.030693745333844526,validation
2017-03-29,1.0756,-0.013572539515164947,-0.030505583,0.027922455,-0.02944557847302397,0.030693745333844526,validation
2017-03-30,1.0726,-0.008990508206876933,-0.030505583,0.027524693,-0.02944557847302397,0.030693745333844526,validation
2017-03-31,1.0698,-0.006847093298577911,-0.030273438,0.02757209,-0.02944557847302397,0.030693745333844526,validation
2017-04-03,1.0655,0.000469153187118182,-0.03103574,0.027307468,-0.02944557847302397,0.030693745333844526,validation
2017-04-04,1.0664,0.003930749094781985,-0.026757522,0.030467246,-0.02944557847302397,0.030693745333844526,validation
2017-04-05,1.0661,0.004305510207794863,-0.027006539,0.031064223,-0.02944557847302397,0.030693745333844526,validation
2017-04-06,1.0651,0.009995879390022305,-0.027511075,0.031721104,-0.02944557847302397,0.030693745333844526,validation
2017-04-07,1.0616,0.007320539496633256,-0.027612932,0.029297587,-0.02944557847302397,0.030693745333844526,validation
2017-04-10,1.0606,0.022376469703930674,-0.024292752,0.031755216,-0.02944557847302397,0.030693745333844526,validation
2017-04-11,1.0614,0.0303433160889498,-0.02295934,0.028606795,-0.02944557847302397,0.030693745333844526,validation
2017-04-12,1.0611,0.024299477957389348,-0.022384895,0.028610256,-0.02944557847302397,0.030693745333844526,validation
2017-04-13,1.063,0.021774378462483833,-0.021748396,0.026387012,-0.02944557847302397,0.030693745333844526,validation
2017-04-14,1.0625,0.025094253586102594,-0.02187152,0.027966676,-0.02944557847302397,0.030693745333844526,validation
2017-04-17,1.066,0.023364682363407704,-0.021609599,0.026681503,-0.02944557847302397,0.030693745333844526,validation
2017-04-18,1.0706,0.01887546787378988,-0.02112921,0.024485912,-0.02944557847302397,0.030693745333844526,validation
2017-04-19,1.0707,0.019698237140626088,-0.021144427,0.025765786,-0.02944557847302397,0.030693745333844526,validation
2017-04-20,1.0758,0.019241099927020916,-0.020815488,0.02469455,-0.02944557847302397,0.030693745333844526,validation
2017-04-21,1.0694,0.027848733776459467,-0.020809026,0.024381915,-0.02944557847302397,0.030693745333844526,validation
2017-04-24,1.0846,0.0075319544095653335,-0.027465487,0.0259633,-0.02944557847302397,0.030693745333844526,validation
2017-04-25,1.0941,-0.006050623519905221,-0.028548714,0.026816523,-0.02944557847302397,0.030693745333844526,validation
2017-04-26,1.0872,9.197516676981432e-05,-0.027649892,0.02722188,-0.02944557847302397,0.030693745333844526,validation
2017-04-27,1.0864,0.0004601297647095076,-0.027842602,0.027984124,-0.02944557847302397,0.030360750310201506,validation
2017-04-28,1.0895,0.0028413015769428035,-0.027673895,0.027674535,-0.02944557847302397,0.029139879258506626,validation
2017-05-01,1.0912,0.006121256151489202,-0.025351327,0.02806798,-0.02944557847302397,0.028901623697609766,validation
2017-05-02,1.091,0.014739599030334297,-0.028668635,0.030093007,-0.02944557847302397,0.027125437793774073,validation
2017-05-03,1.092,0.019407519444556917,-0.026059268,0.0318227,-0.02944557847302397,0.026349502128473538,validation
2017-05-04,1.0967,0.014753401509381633,-0.026989948,0.030638272,-0.02944557847302397,0.02555574889888009,validation
2017-05-05,1.0996,0.017488952020834655,-0.024763044,0.030564759,-0.02944557847302397,0.02555574889888009,validation
2017-05-08,1.0928,0.027794606413562933,-0.024144143,0.028079333,-0.02944557847302397,0.025504836359426145,validation
2017-05-09,1.0875,0.02926861395195375,-0.024328979,0.0274977,-0.02944557847302397,0.025504836359426145,validation
2017-05-10,1.0873,0.027396488484020126,-0.024518311,0.028131282,-0.02944557847302397,0.025504836359426145,validation
2017-05-11,1.0869,0.03160493050509525,-0.024684422,0.02837108,-0.02944557847302397,0.025504836359426145,validation
2017-05-12,1.0926,0.02208634310758341,-0.02428998,0.027813336,-0.02944557847302397,0.025504836359426145,validation
2017-05-15,1.0979,0.0184104107934559,-0.02436677,0.02811559,-0.02944557847302397,0.025504836359426145,validation
2017-05-16,1.1072,0.014703510366683464,-0.02555841,0.029052995,-0.02944557847302397,0.025504836359426145,validation
2017-05-17,1.1134,0.007159507940164775,-0.028528536,0.028849784,-0.02944557847302397,0.025504836359426145,validation
2017-05-18,1.113,0.012500162764231479,-0.027650615,0.029312504,-0.02944557847302397,0.025504836359426145,validation
2017-05-19,1.119,0.005347606326595283,-0.027526079,0.027685946,-0.02944557847302397,0.025504836359426145,validation
2017-05-22,1.1236,0.002666431230525082,-0.025985342,0.027772011,-0.02944557847302397,0.02555574889888009,validation
2017-05-23,1.1198,0.003387718315295718,-0.023597851,0.028348813,-0.02944557847302397,0.026349502128473538,validation
2017-05-24,1.1175,0.0037513441634538097,-0.02389673,0.028633647,-0.0285856042375086,0.02705064134041136,validation
2017-05-25,1.1218,-0.002499108762311242,-0.022607112,0.028220434,-0.028523706526762956,0.02741639438049725,validation
2017-05-26,1.117,0.003039244316752815,-0.024681933,0.028359475,-0.028398756207314798,0.02741639438049725,validation
2017-05-30,1.1183,0.0009831524231164457,-0.022029355,0.02861034,-0.027943962675300082,0.02741639438049725,validation
2017-05-31,1.1236,0.0036423440081533864,-0.020504517,0.028437926,-0.027943962675300082,0.02741639438049725,validation
2017-06-01,1.1214,-0.0055441436833126995,-0.021100756,0.028820867,-0.027943962675300082,0.02741639438049725,validation
2017-06-02,1.127,-0.006766407582517148,-0.020740468,0.028265486,-0.027943962675300082,0.02741639438049725,validation
2017-06-05,1.125,-0.008032171697264168,-0.021172956,0.02853332,-0.027943962675300082,0.02741639438049725,validation
2017-06-06,1.1266,-0.012684404100803806,-0.020318335,0.028008377,-0.027943962675300082,0.02741639438049725,validation
2017-06-07,1.1236,-0.008311411177080244,-0.020304646,0.02885513,-0.027943962675300082,0.02705064134041136,validation
2017-06-08,1.1217,-0.006170375043384496,-0.020319864,0.028035847,-0.027943962675300082,0.026349502128473538,validation
2017-06-09,1.119,0.0005360493293731644,-0.020841712,0.030912029,-0.027943962675300082,0.02555574889888009,validation
2017-06-12,1.1204,-0.0007142857446551243,-0.020783806,0.02806741,-0.027943962675300082,0.02555574889888009,validation
2017-06-13,1.1194,0.009424805249127005,-0.021049697,0.030071,-0.027943962675300082,0.025301824884052058,validation
2017-06-14,1.1277,0.0076852107417910015,-0.020300347,0.02661394,-0.027943962675300082,0.025301824884052058,validation
2017-06-15,1.1152,0.023747350209696025,-0.021555895,0.024805635,-0.027943962675300082,0.025301824884052058,validation
2017-06-16,1.1194,0.019199881983374842,-0.021467462,0.024822343,-0.027943962675300082,0.025301824884052058,validation
2017-06-19,1.116,0.018378463751408503,-0.021332888,0.02447801,-0.027943962675300082,0.025301824884052058,validation
2017-06-20,1.1124,0.01887856601666081,-0.021687934,0.024552584,-0.027943962675300082,0.025301824884052058,validation
2017-06-21,1.1143,0.02359101954931539,-0.02147985,0.024242446,-0.027943962675300082,0.025301824884052058,validation
2017-06-22,1.1148,0.022002307015960024,-0.021403149,0.025108434,-0.027943962675300082,0.025301824884052058,validation
2017-06-23,1.1196,0.017705844982454796,-0.021446064,0.025164505,-0.027943962675300082,0.025301824884052058,validation
2017-06-26,1.1196,0.020684906153512275,-0.021288915,0.02700868,-0.027943962675300082,0.025301824884052058,validation
2017-06-27,1.13,0.009775076734247837,-0.021489125,0.026396386,-0.027943962675300082,0.025301824884052058,validation
2017-06-28,1.1364,0.0018462355237614247,-0.021375611,0.0262392,-0.027943962675300082,0.025301824884052058,validation
2017-06-29,1.142,0.002798183008004551,-0.03032335,0.026339352,-0.027943962675300082,0.025301824884052058,validation
2017-06-30,1.1411,0.005157128688736717,-0.024009246,0.026693713,-0.027869075734323227,0.025301824884052058,validation
2017-07-03,1.1367,0.01839232495223936,-0.024611486,0.02579342,-0.027869075734323227,0.025301824884052058,validation
2017-07-05,1.1336,0.015927526696101313,-0.02675594,0.025892088,-0.02732572006133011,0.025301824884052058,validation
2017-07-06,1.1409,0.01952932787433742,-0.027633494,0.026942307,-0.02732572006133011,0.025301824884052058,validation
2017-07-07,1.1396,0.022472855852058632,-0.028602026,0.02753616,-0.02732572006133011,0.025301824884052058,validation
2017-07-10,1.1396,0.021356832213881877,-0.025182975,0.028901407,-0.02732572006133011,0.025301824884052058,validation
2017-07-11,1.143,0.0195795910861844,-0.029024104,0.027014239,-0.02732572006133011,0.025301824884052058,validation
2017-07-12,1.1411,0.019182118338620935,-0.024056088,0.027184742,-0.02732572006133011,0.025301824884052058,validation
2017-07-13,1.1385,0.023524369377200705,-0.021325177,0.027811183,-0.02732572006133011,0.025301824884052058,validation
2017-07-14,1.1452,0.026029220954590065,-0.020237347,0.027249075,-0.02732572006133011,0.025301824884052058,validation
2017-07-17,1.147,0.030565566257358873,-0.020289553,0.025865447,-0.02732572006133011,0.025301824884052058,validation
2017-07-18,1.1578,0.018908036460969307,-0.021182155,0.02601968,-0.02732572006133011,0.025301824884052058,validation
2017-07-19,1.1518,0.029344677962658078,-0.021469247,0.02628736,-0.02732572006133011,0.025301824884052058,validation
2017-07-20,1.1634,0.020924468445929073,-0.024506992,0.025795879,-0.02732572006133011,0.025301824884052058,validation
2017-07-21,1.1655,0.00845833570273824,-0.022927338,0.025793364,-0.02732572006133011,0.025301824884052058,validation
2017-07-24,1.1642,0.012462816025904655,-0.025369957,0.026380068,-0.02732572006133011,0.025301824884052058,validation
2017-07-25,1.1656,0.005816953955742388,-0.022555541,0.026249282,-0.02732572006133011,0.025301824884052058,validation
2017-07-26,1.1632,0.009923092545210122,-0.02336606,0.02663667,-0.02732572006133011,0.025301824884052058,validation
2017-07-27,1.1656,0.008117274458900287,-0.026247358,0.029180475,-0.02732572006133011,0.025301824884052058,validation
2017-07-28,1.1754,0.004837692439251501,-0.023472676,0.02646081,-0.02732572006133011,0.02554153204210881,validation
2017-07-31,1.1826,-0.0033881109829165534,-0.023381585,0.026110869,-0.02732572006133011,0.026043437811361345,validation
2017-08-01,1.1799,-0.005353741277101559,-0.022417514,0.026254205,-0.02732572006133011,0.026043437811361345,validation
2017-08-02,1.1861,-0.0134104878545096,-0.023578065,0.026037024,-0.02732572006133011,0.026349502128473538,validation
2017-08-03,1.188,-0.012195273093818237,-0.022859126,0.025834246,-0.02732572006133011,0.026349502128473538,validation
2017-08-04,1.1754,-0.0005105948540850003,-0.023177097,0.026318742,-0.02732572006133011,0.026349502128473538,validation
2017-08-07,1.1788,0.0022032040095951444,-0.02326359,0.026225539,-0.02732572006133011,0.026349502128473538,validation
2017-08-08,1.1724,0.0032359731891180854,-0.02385881,0.02754291,-0.02732572006133011,0.026349502128473538,validation
2017-08-09,1.1748,0.004585995298603263,-0.023959594,0.02710399,-0.02732572006133011,0.026349502128473538,validation
2017-08-10,1.1751,0.004245930291807615,-0.024143511,0.02738438,-0.02732572006133011,0.026349502128473538,validation
2017-08-11,1.1811,0.005319835218773494,-0.024204057,0.02698377,-0.02732572006133011,0.026349502128473538,validation
2017-08-14,1.1786,0.015741728318984877,-0.024398731,0.026926888,-0.02732572006133011,0.026349502128473538,validation
2017-08-15,1.1736,0.024326775151144203,-0.023824422,0.025807561,-0.02732572006133011,0.026349502128473538,validation
2017-08-16,1.1703,0.018959518403903003,-0.02409583,0.025137603,-0.02732572006133011,0.026349502128473538,validation
2017-08-17,1.1736,0.013373030443721373,-0.02165432,0.024529472,-0.02732572006133011,0.026349502128473538,validation
2017-08-18,1.1748,0.011004936257294734,-0.021526495,0.025122592,-0.02732572006133011,0.026349502128473538,validation
2017-08-21,1.1814,0.00817707401372042,-0.02076324,0.025918076,-0.02732572006133011,0.026043437811361345,validation
2017-08-22,1.1762,0.01527133664852559,-0.023634637,0.025709173,-0.02732572006133011,0.02554153204210881,validation
2017-08-23,1.1802,0.018968256491305763,-0.023667699,0.025798993,-0.02732572006133011,0.025301824884052058,validation
2017-08-24,1.1801,0.020133219266470326,-0.024004357,0.026826581,-0.02732572006133011,0.025301824884052058,validation
2017-08-25,1.1874,0.007551004919217841,-0.02088422,0.025654063,-0.02732572006133011,0.025301824884052058,validation
2017-08-28,1.1973,-0.00041769350258505367,-0.023779744,0.026050545,-0.02732572006133011,0.025301824884052058,validation
2017-08-29,1.2025,-0.010617497226110884,-0.030205633,0.026273942,-0.02732572006133011,0.025301824884052058,validation
2017-08-30,1.1927,-0.003443500652063086,-0.027070353,0.026454093,-0.02732572006133011,0.025301824884052058,validation
2017-08-31,1.1894,0.005450061702268416,-0.024403265,0.026547624,-0.02732572006133011,0.025301824884052058,validation
2017-09-01,1.1878,0.005038640152789681,-0.022173712,0.027461385,-0.02732572006133011,0.025301824884052058,validation
2017-09-05,1.1911,0.005776249788539328,-0.022341413,0.026773361,-0.02732572006133011,0.025301824884052058,validation
2017-09-06,1.1943,0.004594636544611563,-0.022543853,0.02757058,-0.026861114287962614,0.025301824884052058,validation
2017-09-07,1.2028,-0.006840770816168379,-0.028031588,0.028734114,-0.026861114287962614,0.025301824884052058,validation
2017-09-08,1.2041,-0.005997519018848457,-0.026164893,0.028510055,-0.026861114287962614,0.025301824884052058,validation
2017-09-11,1.1964,-0.009405511056382682,-0.020792117,0.025976552,-0.026861114287962614,0.025301824884052058,validation
2017-09-12,1.1968,-0.016512590860895127,-0.020789277,0.026539352,-0.026861114287962614,0.025301824884052058,validation
2017-09-13,1.1898,-0.012772429923964906,-0.023173552,0.025747724,-0.026861114287962614,0.025301824884052058,validation
2017-09-14,1.1886,-0.00929767495794856,-0.02360674,0.025789494,-0.026861114287962614,0.025301824884052058,validation
2017-09-15,1.1959,-0.01228351302028749,-0.023052717,0.025994666,-0.026861114287962614,0.025301824884052058,validation
2017-09-18,1.1938,-0.016298971635581916,-0.023530286,0.026214173,-0.026861114287962614,0.025301824884052058,validation
2017-09-19,1.198,-0.01861968784602458,-0.023200205,0.026030427,-0.026861114287962614,0.025301824884052058,validation
2017-09-20,1.1998,-0.020036026760420517,-0.021112297,0.026262164,-0.026861114287962614,0.025301824884052058,validation
2017-09-21,1.1946,-0.020294963441085112,-0.02340787,0.025684029,-0.026861114287962614,0.025301824884052058,validation
2017-09-22,1.1969,-0.019999822776028853,-0.02368987,0.024995139,-0.026861114287962614,0.025301824884052058,validation
2017-09-25,1.1852,-0.004058172630625967,-0.024697002,0.024257394,-0.026861114287962614,0.025301824884052058,validation
2017-09-26,1.1772,0.006350840601395763,-0.027894381,0.026518688,-0.026861114287962614,0.025301824884052058,validation
2017-09-27,1.1747,0.00788574061411057,-0.025453594,0.027503535,-0.026861114287962614,0.025301824884052058,validation
2017-09-28,1.1776,0.005166656985236107,-0.023485674,0.02592694,-0.026861114287962614,0.025301824884052058,validation
2017-09-29,1.1813,-0.00025398975711191096,-0.02345091,0.025679765,-0.026861114287962614,0.025301824884052058,validation
2017-10-02,1.1745,0.0007659900795825014,-0.025318086,0.026447173,-0.026861114287962614,0.025301824884052058,validation
2017-10-03,1.1759,0.0013597350612027659,-0.02433648,0.026505481,-0.026861114287962614,0.025301824884052058,validation
2017-10-04,1.176,0.006948591639103496,-0.024064805,0.028062744,-0.026861114287962614,0.025301824884052058,validation
2017-10-05,1.1706,0.0054523904031561765,-0.027560445,0.026659634,-0.026861114287962614,0.025301824884052058,validation
2017-10-06,1.1732,0.002553844922559556,-0.027127417,0.026471782,-0.026861114287962614,0.025301824884052058,validation
2017-10-10,1.1804,-0.003224440638428583,-0.025458882,0.026555948,-0.026861114287962614,0.025301824884052058,validation
2017-10-11,1.1847,-0.003805662337645177,-0.024441294,0.026760558,-0.026861114287962614,0.025301824884052058,validation
2017-10-12,1.184,-0.011894787652149186,-0.02262423,0.02487063,-0.026861114287962614,0.025301824884052058,validation
2017-10-13,1.1837,-0.021950746826907397,-0.021267701,0.024768852,-0.026861114287962614,0.025301824884052058,validation
2017-10-16,1.181,-0.015702660930112078,-0.020991985,0.023973793,-0.026861114287962614,0.025301824884052058,validation
2017-10-17,1.1754,-0.009059116736128497,-0.021542381,0.024018085,-0.026861114287962614,0.025301824884052058,validation
2017-10-18,1.1775,-0.013423020332140712,-0.021604722,0.023910582,-0.026861114287962614,0.025301824884052058,validation
2017-10-19,1.1842,-0.014459722889099774,-0.020765759,0.024713347,-0.026861114287962614,0.025301824884052058,validation
2017-10-20,1.177,-0.013170463189745157,-0.02125635,0.024007212,-0.026861114287962614,0.025301824884052058,validation
2017-10-23,1.1762,-0.013868897925445267,-0.021332128,0.024306195,-0.026861114287962614,0.025301824884052058,validation
2017-10-24,1.1766,-0.016193645218672947,-0.020806888,0.024193574,-0.02666291043001971,0.025301824884052058,validation
2017-10-25,1.1802,-0.018040073728368994,-0.020341845,0.023406368,-0.026524861751357785,0.025301824884052058,validation
2017-10-26,1.17,-0.004454350349380187,-0.021408647,0.023549704,-0.02637105464577016,0.025301824884052058,validation
2017-10-27,1.158,0.006541596748054573,-0.02403813,0.024514321,-0.026317370797223984,0.025301824884052058,validation
2017-10-30,1.1626,0.011800051412589607,-0.02477947,0.0257908,-0.026049017364789227,0.025301824884052058,validation
2017-10-31,1.1648,0.0124564361239822,-0.021558167,0.023477376,-0.0257074119200089,0.025301824884052058,validation
2017-11-01,1.1618,0.013168210800885649,-0.021786368,0.023782363,-0.025668535826916646,0.025301824884052058,validation
2017-11-02,1.1672,0.010821970897297611,-0.023095563,0.023879616,-0.025033542769470434,0.025301824884052058,validation
2017-11-03,1.1616,0.010703531565634472,-0.023515169,0.023705479,-0.025033542769470434,0.025301824884052058,validation
2017-11-06,1.16,0.012081891535755812,-0.023797167,0.023742933,-0.025033542769470434,0.025301824884052058,validation
2017-11-07,1.1577,0.01814652208639911,-0.022269672,0.023672326,-0.024674490617559823,0.025301824884052058,validation
2017-11-08,1.1591,0.029330108554797063,-0.0220834,0.023516811,-0.024333261643542867,0.025301824884052058,validation
2017-11-09,1.1648,0.02232785144443372,-0.021448549,0.023693219,-0.023711212842183457,0.025301824884052058,validation
2017-11-13,1.1656,0.018866880700764727,-0.021626016,0.024425691,-0.023711212842183457,0.025301824884052058,validation
2017-11-14,1.1764,0.007958724593427419,-0.023508562,0.024360674,-0.023416718394635553,0.025301824884052058,validation
2017-11-15,1.1794,0.008779391187401508,-0.02535495,0.02519726,-0.023308894575516634,0.025301824884052058,validation
2017-11-16,1.1772,0.01165455299598242,-0.0234759,0.024847154,-0.023142327354543153,0.025301824884052058,validation
2017-11-17,1.1799,0.004144294847715585,-0.023424104,0.024607848,-0.023142327354543153,0.025301824884052058,validation
2017-11-20,1.1741,0.006706022329877381,-0.023001064,0.024578335,-0.023142327354543153,0.025301824884052058,validation
2017-11-21,1.1741,0.0039950752273736345,-0.023707338,0.026448531,-0.023142327354543153,0.025301824884052058,validation
2017-11-22,1.1789,8.482123928915675e-05,-0.025395116,0.025734268,-0.023142327354543153,0.025301824884052058,validation
2017-11-24,1.1936,-0.014770070592505569,-0.027041338,0.028796665,-0.023142327354543153,0.02554153204210881,validation
2017-11-27,1.1911,-0.009193334263786962,-0.02819557,0.027025038,-0.023142327354543153,0.02554153204210881,validation
2017-11-28,1.1878,-0.012964635261325269,-0.021921303,0.026001109,-0.023142327354543153,0.02554153204210881,validation
2017-11-29,1.1858,-0.008128749247411748,-0.020826265,0.026062824,-0.023142327354543153,0.02554153204210881,validation
2017-11-30,1.1898,-0.010136934243334922,-0.020647675,0.026742427,-0.023142327354543153,0.02554153204210881,validation
2017-12-01,1.191,-0.011144998844829807,-0.021038974,0.02781459,-0.023142327354543153,0.02554153204210881,validation
2017-12-04,1.1848,-0.003720619884804849,-0.020991674,0.0264372,-0.023142327354543153,0.02554153204210881,validation
2017-12-05,1.182,0.00016919042422558483,-0.021161452,0.026272861,-0.023142327354543153,0.02554153204210881,validation
2017-12-06,1.1788,0.007858420600701937,-0.021161452,0.026148597,-0.023142327354543153,0.025327492721551045,validation
2017-12-07,1.179,0.00693097187574504,-0.021278132,0.026411515,-0.023142327354543153,0.025220674611629548,validation
2017-12-08,1.1761,0.006610193560599692,-0.02211841,0.027924424,-0.023142327354543153,0.025100390729365714,validation
2017-12-11,1.1802,0.00549243004802516,-0.021292556,0.025662336,-0.023142327354543153,0.024365149072892087,validation
2017-12-12,1.1725,0.014983138890317105,-0.024046559,0.023937205,-0.023142327354543153,0.02430084281707709,validation
2017-12-13,1.1762,0.016024632352697354,-0.021282151,0.023699364,-0.023142327354543153,0.024145182222133493,validation
2017-12-14,1.1778,0.02050492009459126,-0.02149484,0.02369877,-0.023142327354543153,0.02376683576890931,validation
2017-12-15,1.1778,0.02283127541428509,-0.022011463,0.02548636,-0.023142327354543153,0.02376683576890931,validation
2017-12-18,1.1804,0.018965072905894692,-0.021355256,0.023873199,-0.023142327354543153,0.02376683576890931,validation
2017-12-19,1.1822,0.020263608863422516,-0.021140011,0.027734732,-0.023142327354543153,0.02376683576890931,validation
2017-12-20,1.1881,0.013210894476739066,-0.02126344,0.028260922,-0.023142327354543153,0.02376683576890931,validation
2017-12-21,1.1872,0.008471428309681894,-0.020743882,0.025618693,-0.023142327354543153,0.02376683576890931,validation
2017-12-22,1.1839,0.0069862663682356,-0.020792216,0.022823911,-0.023142327354543153,0.02376683576890931,validation
2017-12-26,1.1867,0.007639071775710521,-0.020562436,0.024093244,-0.023142327354543153,0.02376683576890931,validation
2017-12-27,1.1902,0.011112618012375036,-0.021085922,0.024030304,-0.023142327354543153,0.02376683576890931,validation
2017-12-28,1.1952,0.014783094565497312,-0.021726917,0.024764495,-0.023142327354543153,0.02376683576890931,validation
2017-12-29,1.2022,0.018297716466195768,-0.025046546,0.024662623,-0.023142327354543153,0.02376683576890931,validation
2018-01-02,1.205,0.01474552027056883,-0.025325794,0.027637491,-0.023142327354543153,0.02376683576890931,validation
2018-01-03,1.203,0.0171423350537612,-0.02443644,0.025230324,-0.023142327354543153,0.02376683576890931,validation
2018-01-04,1.2064,0.01432005377474857,-0.02461905,0.025389077,-0.023142327354543153,0.02376683576890931,validation
2018-01-05,1.2039,0.0157405697461917,-0.020426316,0.025690598,-0.023142327354543153,0.02376683576890931,validation
2018-01-08,1.1973,0.025073478463996324,-0.020490652,0.025645219,-0.023142327354543153,0.02376683576890931,validation
2018-01-09,1.1922,0.03850426284331643,-0.020560382,0.025124446,-0.023142327354543153,0.02376683576890931,validation
2018-01-10,1.1958,0.043367672754418246,-0.020153806,0.024903603,-0.023142327354543153,0.02376683576890931,validation
2018-01-11,1.2035,0.031650022902075914,-0.020013103,0.026139155,-0.023142327354543153,0.02376683576890931,validation
2018-01-12,1.213,0.01813627032646159,-0.020426821,0.025410913,-0.023142327354543153,0.02376683576890931,validation
2018-01-16,1.2244,0.011853674557885163,-0.023577642,0.025863208,-0.023142327354543153,0.02376683576890931,validation
2018-01-17,1.2229,0.016141811323567984,-0.022910004,0.026294755,-0.023142327354543153,0.02376683576890931,validation
2018-01-18,1.2238,0.019741741471502455,-0.023378087,0.026433205,-0.023142327354543153,0.02376683576890931,validation
2018-01-19,1.2238,0.016853421106677313,-0.020567583,0.027434101,-0.023142327354543153,0.02376683576890931,validation
2018-01-22,1.223,0.015255083243620016,-0.020629331,0.026985798,-0.023142327354543153,0.02376683576890931,validation
2018-01-23,1.2277,0.008435446239851568,-0.023400575,0.027455343,-0.023142327354543153,0.024145182222133493,validation
2018-01-24,1.239,-0.008836343012804143,-0.023404464,0.026092896,-0.023142327354543153,0.02430084281707709,validation
2018-01-25,1.2488,-0.02022231817278211,-0.023233604,0.02595194,-0.023142327354543153,0.024364110316786775,validation
2018-01-26,1.2422,-0.015904262530577612,-0.02498021,0.025940632,-0.023142327354543153,0.025074517220101636,validation
2018-01-29,1.2352,-0.0069052632318055696,-0.023794135,0.026188754,-0.023142327354543153,0.025074517220101636,validation
2018-01-30,1.239,-0.002181554616261211,-0.02284208,0.025984714,-0.023142327354543153,0.025074517220101636,validation
2018-01-31,1.2428,-0.0025781516052990616,-0.023689818,0.026263513,-0.023142327354543153,0.025074517220101636,validation
2018-02-01,1.2482,0.0,-0.024826003,0.02690649,-0.023142327354543153,0.025074517220101636,validation
2018-02-02,1.2446,-0.00032144005419806887,-0.024350062,0.027272489,-0.023142327354543153,0.024364110316786775,validation
2018-02-05,1.2418,-0.005652926302788297,-0.024098093,0.026479736,-0.023142327354543153,0.02430084281707709,validation
2018-02-06,1.2381,-0.005426212949536019,-0.023499101,0.026613882,-0.023142327354543153,0.024145182222133493,validation
2018-02-07,1.2281,0.0036574999118043072,-0.023773987,0.026180567,-0.023142327354543153,0.02376683576890931,validation
2018-02-08,1.2238,0.004890782490929196,-0.024486322,0.027074412,-0.023142327354543153,0.023706808604396883,validation
2018-02-09,1.2226,0.005709174629761171,-0.02394732,0.02569742,-0.023142327354543153,0.023596702313634463,validation
2018-02-12,1.2267,-0.0022851556504134563,-0.023592964,0.024824128,-0.023142327354543153,0.023527701885806437,validation
2018-02-13,1.2363,-0.012370956173905101,-0.023079475,0.025507208,-0.023142327354543153,0.023527701885806437,validation
2018-02-14,1.2396,-0.014627272009170494,-0.023400472,0.025631089,-0.023142327354543153,0.023527701885806437,validation
2018-02-15,1.2482,-0.013550780022832803,-0.024076961,0.02601201,-0.023142327354543153,0.023527701885806437,validation
2018-02-16,1.2442,-0.009042528916575004,-0.023488754,0.026338616,-0.023142327354543153,0.023527701885806437,validation
2018-02-20,1.2348,0.0054113123202171876,-0.023793725,0.025720777,-0.023142327354543153,0.023527701885806437,validation
2018-02-21,1.2314,0.006717681366991385,-0.023972612,0.025075728,-0.023142327354543153,0.023527701885806437,validation
2018-02-22,1.2326,-0.0009740260510329168,-0.023126625,0.024458848,-0.02223249455697491,0.023527701885806437,validation
2018-02-23,1.2298,0.0022742050087733723,-0.021550631,0.024217576,-0.02223249455697491,0.023527701885806437,validation
2018-02-26,1.2296,0.0017876010285567678,-0.021621132,0.02457355,-0.02217598768746728,0.023527701885806437,validation
2018-02-27,1.2239,0.012907594879526252,-0.02159939,0.024103884,-0.021961985005111134,0.023527701885806437,validation
2018-02-28,1.2211,0.012290066386196702,-0.022121144,0.024024477,-0.021773381101377085,0.023527701885806437,validation
2018-03-01,1.2216,0.008558555726199873,-0.022281794,0.024696939,-0.02142354120021354,0.023527701885806437,validation
2018-03-02,1.2314,-0.0027649037700220314,-0.021435823,0.02382395,-0.02142354120021354,0.023527701885806437,validation
2018-03-05,1.233,-8.1106289837235e-05,-0.021045474,0.023598228,-0.02142354120021354,0.023527701885806437,validation
2018-03-06,1.2415,-0.011666663965719137,-0.023181263,0.024783708,-0.02142354120021354,0.023527701885806437,validation
2018-03-07,1.2397,-0.010460261604004789,-0.02358543,0.024885127,-0.02142354120021354,0.023527701885806437,validation
2018-03-08,1.2314,-0.0003248862926562013,-0.022995356,0.024086526,-0.02142354120021354,0.023527701885806437,validation
2018-03-09,1.2326,0.002754599489493359,-0.02111363,0.024972705,-0.02142354120021354,0.023527701885806437,validation
2018-03-12,1.2318,0.009855480046181836,-0.02111363,0.025010152,-0.02142354120021354,0.023527701885806437,validation
2018-03-13,1.2398,0.0009674299367882777,-0.023299167,0.025678702,-0.02142354120021354,0.023527701885806437,validation
2018-03-14,1.2362,-0.0008902197812041546,-0.020607684,0.024994252,-0.02142354120021354,0.023372666714097348,validation
2018-03-15,1.2321,-0.001949793452220988,-0.020748368,0.024227137,-0.02142354120021354,0.023372666714097348,validation
2018-03-16,1.228,0.0032520353863773055,-0.021105804,0.024093315,-0.02142354120021354,0.023204970590175344,validation
2018-03-19,1.2329,-0.003331034481099504,-0.020718556,0.02399183,-0.02142354120021354,0.02300771890212395,validation
2018-03-20,1.2271,-0.0008152617441609111,-0.021536684,0.02387272,-0.02142354120021354,0.022849539878939503,validation
2018-03-21,1.2268,0.001954398016233261,-0.021480188,0.024265474,-0.02142354120021354,0.022849539878939503,validation
2018-03-22,1.231,-0.006519990497281164,-0.020522183,0.024211692,-0.02142354120021354,0.022849539878939503,validation
2018-03-23,1.236,-0.00698224806263939,-0.020614412,0.025351968,-0.02142354120021354,0.022849539878939503,validation
2018-03-26,1.244,-0.009693129205659679,-0.020785257,0.026176486,-0.02142354120021354,0.022849539878939503,validation
2018-03-27,1.241,-0.005818668429069029,-0.021123052,0.02604426,-0.02142354120021354,0.022849539878939503,validation
2018-03-28,1.2351,0.0026682853914938576,-0.020927731,0.025548132,-0.02142354120021354,0.022849539878939503,validation
2018-03-29,1.2297,0.001868627915063481,-0.021315858,0.024112886,-0.02142354120021354,0.022849539878939503,validation
2018-03-30,1.232,0.00016232448700523316,-0.021471066,0.024095874,-0.02142354120021354,0.022849539878939503,validation
2018-04-02,1.2288,0.006893502826522485,-0.02289622,0.023723397,-0.02142354120021354,0.022849539878939503,validation
2018-04-03,1.2261,0.006827629546892866,-0.022652097,0.023964502,-0.02142354120021354,0.022849539878939503,validation
2018-04-04,1.2292,0.0071336229882117685,-0.021299148,0.023821324,-0.02142354120021354,0.022849539878939503,validation
2018-04-05,1.223,0.008629867121892648,-0.021253023,0.022657447,-0.02142354120021354,0.022849539878939503,validation
2018-04-06,1.2274,0.0006515719403021314,-0.021339357,0.02367827,-0.02142354120021354,0.022849539878939503,validation
2018-04-09,1.232,-0.008477390189042366,-0.020706845,0.024111256,-0.02142354120021354,0.022849539878939503,validation
2018-04-10,1.2338,-0.009119099180913304,-0.020742418,0.02226848,-0.02142354120021354,0.022849539878939503,validation
2018-04-11,1.2384,-0.016774271660988938,-0.020447198,0.024302434,-0.02142354120021354,0.022849539878939503,validation
2018-04-12,1.232,-0.01694470207070853,-0.020473707,0.02433533,-0.02142354120021354,0.022849539878939503,validation
2018-04-13,1.2322,-0.017519891432906637,-0.020621007,0.02356997,-0.02142354120021354,0.022849539878939503,validation
2018-04-16,1.2373,-0.024462298857604314,-0.02055497,0.024078274,-0.02142354120021354,0.022849539878939503,validation
2018-04-17,1.2345,-0.0283444730091425,-0.02035497,0.023360433,-0.02142354120021354,0.022849539878939503,validation
2018-04-18,1.238,-0.03384584602432855,-0.02041021,0.024507938,-0.02142354120021354,0.022849539878939503,validation
2018-04-19,1.2336,-0.030118297251091858,-0.020641001,0.023422051,-0.02142354120021354,0.022849539878939503,validation
2018-04-20,1.2282,-0.0277382815970931,-0.02102028,0.022849027,-0.02142354120021354,0.022849539878939503,validation
2018-04-23,1.2216,-0.023941830319799268,-0.021598004,0.02292219,-0.02142354120021354,0.022849539878939503,validation
2018-04-24,1.2226,-0.030140518927567445,-0.021611776,0.022669142,-0.02142354120021354,0.022849539878939503,validation
2018-04-25,1.2178,-0.027134415475063484,-0.021904783,0.022948029,-0.02142354120021354,0.022849539878939503,validation
2018-04-26,1.2113,-0.01807704687681122,-0.021825746,0.023410374,-0.02142354120021354,0.022849539878939503,validation
2018-04-27,1.2108,-0.013051434274728324,-0.021979071,0.022674995,-0.02142354120021354,0.022849539878939503,validation
2018-04-30,1.2074,-0.00814973325690721,-0.022368215,0.02257275,-0.021773381101377085,0.022849539878939503,validation
2018-05-01,1.2,-0.011398044952369402,-0.022481589,0.023775153,-0.021961985005111134,0.022849539878939503,validation
2018-05-02,1.1968,-0.015154356356673143,-0.023228606,0.023900377,-0.02217598768746728,0.022849539878939503,validation
2018-05-03,1.197,-0.01447349398899836,-0.022481121,0.02327578,-0.02223249455697491,0.022849539878939503,validation
2018-05-04,1.1946,-0.014417854407632907,-0.0229905,0.022931509,-0.023142327354543153,0.022849539878939503,validation
2018-05-07,1.1927,-0.013420754297395615,-0.023706416,0.022931509,-0.023308894575516634,0.022849539878939503,validation
2018-05-08,1.1863,-0.006766497947762573,-0.024050403,0.024255937,-0.023416718394635553,0.022849539878939503,validation
2018-05-09,1.1852,-0.013506257553137418,-0.023595253,0.023021678,-0.023692494137369544,0.022849539878939503,validation
2018-05-10,1.1896,-0.014137801618485879,-0.023305837,0.022648154,-0.023692494137369544,0.022849539878939503,validation
2018-05-11,1.1951,-0.02413632855329803,-0.022700885,0.022704817,-0.023692494137369544,0.022849539878939503,validation
2018-05-14,1.1976,-0.036132633810783965,-0.022725504,0.023260415,-0.023692494137369544,0.022849539878939503,validation
2018-05-15,1.1864,-0.017001429569328458,-0.023056198,0.022951007,-0.023692494137369544,0.022849539878939503,validation
2018-05-16,1.1788,-0.010060618576983704,-0.023304693,0.022951007,-0.023692494137369544,0.022849539878939503,validation
2018-05-17,1.1798,-0.01013766828445517,-0.023367235,0.022788608,-0.023692494137369544,0.022849539878939503,validation
2018-05-18,1.1775,-0.006731736895058765,-0.02327844,0.022646662,-0.023692494137369544,0.022849539878939503,validation
2018-05-21,1.1768,-0.008191172078651915,-0.02327844,0.023392225,-0.023692494137369544,0.022849539878939503,validation
2018-05-22,1.1783,-0.0004244302088245999,-0.02337545,0.022378858,-0.023692494137369544,0.022849539878939503,validation
2018-05-23,1.1693,0.010379538480689732,-0.023720736,0.022923471,-0.023692494137369544,0.022849539878939503,validation
2018-05-24,1.1729,0.0037443665566916917,-0.02349672,0.023584142,-0.023416718394635553,0.022849539878939503,validation
2018-05-25,1.1666,0.011590380303531017,-0.023633212,0.023864364,-0.023692494137369544,0.022849539878939503,validation
2018-05-29,1.1551,0.020649322140437548,-0.02371097,0.024585186,-0.023951555231474204,0.022849539878939503,validation
2018-05-30,1.1664,0.010235503894026637,-0.023883453,0.024009496,-0.023951555231474204,0.022849539878939503,validation
2018-05-31,1.167,-0.003089600809894899,-0.02343335,0.024663314,-0.023951555231474204,0.022849539878939503,validation
2018-06-01,1.1679,-0.005408899213988072,-0.023563927,0.024686482,-0.023951555231474204,0.022849539878939503,validation
2018-06-04,1.1696,-0.0077246972390060675,-0.023448944,0.02417093,-0.023951555231474204,0.022849539878939503,validation
2018-06-05,1.1672,-0.008172439996893183,-0.023842638,0.024363821,-0.023951555231474204,0.022849539878939503,validation
2018-06-06,1.1778,-0.01591817950399771,-0.024100693,0.02516558,-0.023951555231474204,0.022849539878939503,validation
2018-06-07,1.1815,-0.018364812526552254,-0.024037007,0.025558207,-0.023951555231474204,0.022849539878939503,validation
2018-06-08,1.1773,-0.012220807565486658,-0.023961771,0.025417525,-0.023951555231474204,0.022849539878939503,validation
2018-06-11,1.1802,-0.009193118881498208,-0.024033526,0.025373068,-0.023951555231474204,0.022849539878939503,validation
2018-06-12,1.1792,-0.009971531892019825,-0.027432837,0.025659177,-0.023951555231474204,0.022849539878939503,validation
2018-06-13,1.1784,-0.01677259925322505,-0.023742953,0.025987461,-0.023951555231474204,0.022849539878939503,validation
2018-06-14,1.1634,-0.0044796766849717895,-0.023646485,0.02537283,-0.023951555231474204,0.022849539878939503,validation
2018-06-15,1.1616,0.0052376370111375525,-0.023873163,0.024831785,-0.023951555231474204,0.022849539878939503,validation
2018-06-18,1.1606,-0.00017233950925893415,-0.024025911,0.025278388,-0.023951555231474204,0.022849539878939503,validation
2018-06-19,1.1577,0.006543286367534928,-0.02395541,0.025499457,-0.023951555231474204,0.022849539878939503,validation
2018-06-20,1.1592,0.00901719365018866,-0.024063695,0.025083624,-0.023951555231474204,0.022849539878939503,validation
2018-06-21,1.16,0.01182634402382382,-0.024745846,0.028214954,-0.023951555231474204,0.022849539878939503,validation
2018-06-22,1.163,0.009754505341586756,-0.024603851,0.025218153,-0.023951555231474204,0.022849539878939503,validation
2018-06-25,1.1694,0.0029032553908169834,-0.024605064,0.02556608,-0.023951555231474204,0.022849539878939503,validation
2018-06-26,1.1675,0.0040176144992764284,-0.024045572,0.024938107,-0.023951555231474204,0.022849539878939503,validation
2018-06-27,1.1588,0.008934767341895522,-0.021743132,0.023499195,-0.023951555231474204,0.022849539878939503,validation
2018-06-28,1.1582,0.007312175038122037,-0.021339985,0.02363255,-0.023951555231474204,0.022849539878939503,validation
2018-06-29,1.1677,0.0028220825160482077,-0.02303231,0.024410315,-0.023951555231474204,0.022849539878939503,validation
2018-07-02,1.1604,0.005157309007144756,-0.023098709,0.023814468,-0.023951555231474204,0.022849539878939503,validation
2018-07-03,1.1653,-0.0006867542548218697,-0.02369132,0.024160836,-0.023951555231474204,0.022849539878939503,validation
2018-07-05,1.1697,-0.007982532409412268,-0.02306281,0.024429169,-0.023951555231474204,0.022849539878939503,validation
2018-07-06,1.1738,-0.0025590733065032623,-0.023151562,0.024255158,-0.023951555231474204,0.022849539878939503,validation
2018-07-09,1.1744,-0.003582704506115586,-0.023441365,0.02495491,-0.023692494137369544,0.022849539878939503,validation
2018-07-10,1.1728,-0.0037587606188010936,-0.023549924,0.024599316,-0.023692494137369544,0.022849539878939503,validation
2018-07-11,1.1722,-0.0038463229606596205,-0.023628965,0.025230018,-0.023692494137369544,0.022849539878939503,validation
2018-07-12,1.1692,-0.003255378528117081,-0.023615563,0.02520614,-0.023692494137369544,0.022849539878939503,validation
2018-07-13,1.1667,-0.0006001629193737312,-0.02099443,0.026503485,-0.023692494137369544,0.022849539878939503,validation
2018-07-16,1.171,0.0006829435129708517,-0.020637333,0.026689844,-0.023692494137369544,0.022849539878939503,validation
2018-07-17,1.1664,0.0035943556027268064,-0.020901036,0.024553394,-0.023692494137369544,0.022849539878939503,validation
2018-07-18,1.1645,0.0018017249951415293,-0.021364933,0.024331609,-0.023692494137369544,0.022849539878939503,validation
2018-07-19,1.1604,0.0006891799032258117,-0.02146395,0.023903796,-0.023692494137369544,0.022849539878939503,validation
2018-07-20,1.1708,-0.009525924855073309,-0.0210911,0.025989471,-0.023692494137369544,0.022849539878939503,validation
2018-07-23,1.1702,-0.01186294321194456,-0.02115203,0.02586971,-0.023692494137369544,0.022849539878939503,validation
2018-07-24,1.1684,-0.007473940550928482,-0.020929024,0.023985948,-0.023692494137369544,0.022849539878939503,validation
2018-07-25,1.1677,-0.006788425639328993,-0.020929024,0.0241563,-0.023692494137369544,0.022849539878939503,validation
2018-07-26,1.1654,-0.007579708984855854,-0.020974101,0.024070429,-0.023692494137369544,0.022849539878939503,validation
2018-07-27,1.166,-0.022638548667704816,-0.021564145,0.028317912,-0.023692494137369544,0.022849539878939503,validation
2018-07-30,1.1718,-0.027863704486935037,-0.020675201,0.023688909,-0.023692494137369544,0.022849539878939503,validation
2018-07-31,1.1706,-0.03079568509582689,-0.020602338,0.024601823,-0.023692494137369544,0.022849539878939503,validation
2018-08-01,1.1666,-0.029048046363175817,-0.020924931,0.023126971,-0.023692494137369544,0.022849539878939503,validation
2018-08-02,1.1612,-0.019478876746592322,-0.020932484,0.022504942,-0.023692494137369544,0.022849539878939503,validation
2018-08-03,1.1597,-0.01625628010058186,-0.02122954,0.022288779,-0.023692494137369544,0.022849539878939503,validation
2018-08-06,1.1564,-0.010955678660975326,-0.021787655,0.025358276,-0.023692494137369544,0.022849539878939503,validation
2018-08-07,1.1597,-0.005447248781345282,-0.021225281,0.022168646,-0.023692494137369544,0.022849539878939503,validation
2018-08-08,1.1598,-0.00025869874675385485,-0.021113005,0.023420503,-0.023692494137369544,0.022849539878939503,validation
2018-08-09,1.1566,8.645657723793665e-05,-0.021176828,0.022524236,-0.023692494137369544,0.022849539878939503,validation
2018-08-10,1.1399,0.019632319218778643,-0.02430074,0.02475061,-0.023692494137369544,0.022849539878939503,validation
2018-08-13,1.1396,0.02427303635620648,-0.024682997,0.02456086,-0.023951555231474204,0.022849539878939503,validation
2018-08-14,1.1351,0.03199093837566416,-0.02463843,0.025767665,-0.024145322346437004,0.022849539878939503,validation
2018-08-15,1.1332,0.031872786097194294,-0.024806974,0.027964562,-0.024323509138153853,0.022849539878939503,validation
2018-08-16,1.1388,0.022402603999137127,-0.025040578,0.025992908,-0.024323509138153853,0.022849539878939503,validation
2018-08-17,1.141,0.016170047185424752,-0.024033932,0.02400229,-0.024323509138153853,0.022849539878939503,validation
2018-08-20,1.1438,0.011128614242902207,-0.023585128,0.024083586,-0.024323509138153853,0.022849539878939503,validation
2018-08-21,1.1534,0.007428556230544225,-0.025062524,0.025910743,-0.024323509138153853,0.022849539878939503,validation
2018-08-22,1.1595,0.002497955560486931,-0.025882034,0.024425434,-0.024323509138153853,0.022849539878939503,validation
2018-08-23,1.1567,0.00043217080062413205,-0.02343521,0.024384357,-0.024323509138153853,0.022849539878939503,validation
2018-08-24,1.1625,-0.0018080852142624282,-0.026916655,0.024563823,-0.024323509138153853,0.022849539878939503,validation
2018-08-27,1.1676,-0.007306518085260338,-0.027616143,0.024907263,-0.024323509138153853,0.023204970590175344,validation
2018-08-28,1.172,-0.008052814869707603,-0.02780905,0.02533055,-0.024323509138153853,0.023372666714097348,validation
2018-08-29,1.1699,-0.002310556844979883,-0.027942741,0.025905589,-0.024323509138153853,0.023527701885806437,validation
2018-08-30,1.1646,0.0008582954779754182,-0.02754271,0.025519824,-0.024323509138153853,0.023527701885806437,validation
2018-08-31,1.1596,0.007816901891610967,-0.024460385,0.025567949,-0.024323509138153853,0.023527701885806437,validation
2018-09-04,1.1566,0.010920612422154835,-0.023554802,0.02536226,-0.024323509138153853,0.023527701885806437,validation
2018-09-05,1.162,0.00557821656705626,-0.023966378,0.025440209,-0.024323509138153853,0.023527701885806437,validation
2018-09-06,1.1624,0.010270545604177977,-0.024149258,0.025851144,-0.024323509138153853,0.023527701885806437,validation
2018-09-07,1.1572,0.014328244782496391,-0.024381792,0.025919175,-0.024323509138153853,0.023527701885806437,validation
2018-09-10,1.1604,0.014458907836902096,-0.020624554,0.02609653,-0.024323509138153853,0.023527701885806437,validation
2018-09-11,1.1591,0.015324986365577442,-0.020724194,0.026227336,-0.024323509138153853,0.023527701885806437,validation
2018-09-12,1.1626,0.011289890700904276,-0.020494787,0.026140094,-0.024323509138153853,0.023527701885806437,validation
2018-09-13,1.1672,-0.0001713649220198843,-0.020293072,0.027086347,-0.024323509138153853,0.023527701885806437,validation
2018-09-14,1.1656,-0.0029212152399899494,-0.020432865,0.025635984,-0.024323509138153853,0.023527701885806437,validation
2018-09-17,1.1687,-0.010320896637755483,-0.020417647,0.026066272,-0.024323509138153853,0.023527701885806437,validation
2018-09-18,1.1693,-0.011439508913950097,-0.020653294,0.026056089,-0.024323509138153853,0.023527701885806437,validation
2018-09-19,1.1685,-0.013787379108109066,-0.020839289,0.025476877,-0.024323509138153853,0.023527701885806437,validation
2018-09-20,1.1744,-0.02030002618285834,-0.020421138,0.025147252,-0.024323509138153853,0.023527701885806437,validation
2018-09-21,1.1739,-0.02039569860482271,-0.021084385,0.025547832,-0.024323509138153853,0.023527701885806437,validation
2018-09-24,1.1773,-0.025028182350614603,-0.02102116,0.024929086,-0.024323509138153853,0.023527701885806437,validation
2018-09-25,1.177,-0.019648008833917735,-0.020947168,0.0254136,-0.024323509138153853,0.023527701885806437,validation
2018-09-26,1.1758,-0.016550564296660603,-0.020309115,0.024714189,-0.024323509138153853,0.023527701885806437,validation
2018-09-27,1.167,-0.009557091986334476,-0.020883093,0.023097374,-0.024323509138153853,0.023527701885806437,validation
2018-09-28,1.1622,-0.0024121307353726362,-0.020955404,0.02256599,-0.024323509138153853,0.023527701885806437,validation
2018-10-01,1.1567,0.0022452513749998404,-0.021432957,0.023137467,-0.024323509138153853,0.023527701885806437,validation
2018-10-02,1.156,-0.0017316021642778956,-0.021455914,0.023306413,-0.024323509138153853,0.023527701885806437,validation
2018-10-03,1.1525,-0.002693428797162528,-0.021537628,0.022974411,-0.024323509138153853,0.023527701885806437,validation
2018-10-04,1.1508,0.0004343860022258672,-0.022042105,0.025268482,-0.024323509138153853,0.023527701885806437,validation
2018-10-05,1.1502,-0.0030475882353949713,-0.022042105,0.025372975,-0.024323509138153853,0.023527701885806437,validation
2018-10-09,1.1482,-0.00017420085402486407,-0.022478746,0.026495708,-0.024472051362993325,0.023527701885806437,validation
2018-10-10,1.1541,-0.013257935146053584,-0.02181661,0.022325877,-0.024472051362993325,0.023527701885806437,validation
2018-10-11,1.1565,-0.016653246798794652,-0.021338062,0.022473942,-0.024472051362993325,0.023527701885806437,validation
2018-10-12,1.1559,-0.014904184896339018,-0.0212794,0.022788372,-0.024472051362993325,0.023527701885806437,validation
2018-10-15,1.1594,-0.017751945458450324,-0.020808505,0.022386644,-0.024472051362993325,0.023527701885806437,validation
2018-10-16,1.1593,-0.0199510036963228,-0.020698221,0.024004739,-0.024472051362993325,0.023527701885806437,validation
2018-10-17,1.154,-0.018188679111683315,-0.0209861,0.022844516,-0.024472051362993325,0.023527701885806437,validation
2018-10-18,1.1494,-0.008562743449887944,-0.021533791,0.022805983,-0.024472051362993325,0.023527701885806437,validation
2018-10-19,1.1513,-0.011795165363071791,-0.02141175,0.022399407,-0.024472051362993325,0.023527701885806437,validation
2018-10-22,1.1467,-0.0063864439979635645,-0.021729318,0.02276524,-0.024323509138153853,0.023527701885806437,validation
2018-10-23,1.148,-0.005940957540166741,-0.021744536,0.022973532,-0.024152627068513344,0.023527701885806437,validation
2018-10-24,1.1389,0.006127470152096998,-0.023292003,0.022983395,-0.024152627068513344,0.023527701885806437,validation
2018-10-25,1.1374,0.0036858312899273327,-0.023307221,0.022635162,-0.024152627068513344,0.023527701885806437,validation
2018-10-26,1.1388,-0.005547498046693383,-0.021554973,0.02249632,-0.024152627068513344,0.023527701885806437,validation
2018-10-29,1.139,-0.008995562908577878,-0.021553373,0.022833943,-0.024152627068513344,0.023527701885806437,validation
2018-10-30,1.1364,-0.0045863548377246405,-0.02176057,0.02263833,-0.024152627068513344,0.023527701885806437,validation
2018-10-31,1.1332,-0.0007062147186168849,-0.022114987,0.026096389,-0.024152627068513344,0.023527701885806437,validation
2018-11-01,1.1396,0.0005263619737284064,-0.02137428,0.0228242,-0.024152627068513344,0.023527701885806437,validation
2018-11-02,1.1378,0.00613337592569424,-0.02159453,0.022763005,-0.024152627068513344,0.023527701885806437,validation
2018-11-05,1.1394,-0.00026333114042884076,-0.021202538,0.022397023,-0.024152627068513344,0.023527701885806437,validation
2018-11-06,1.1412,-0.0016663016352748694,-0.020695396,0.023654502,-0.024152627068513344,0.023527701885806437,validation
2018-11-07,1.1459,-0.01114486547604096,-0.020516476,0.025659679,-0.024152627068513344,0.023527701885806437,validation
2018-11-08,1.1416,-0.00703237778615598,-0.02064829,0.024499863,-0.024152627068513344,0.023527701885806437,validation
2018-11-09,1.1325,-0.0038927767463144136,-0.021411687,0.02349538,-0.024152627068513344,0.023527701885806437,validation
2018-11-13,1.1288,-0.00017719500356452866,-0.022331236,0.023780992,-0.024152627068513344,0.023527701885806437,validation
2018-11-14,1.1312,0.006169051026715319,-0.021215342,0.02310785,-0.024152627068513344,0.023527701885806437,validation
2018-11-15,1.1324,-8.83119177506747e-05,-0.021051018,0.023693498,-0.023951555231474204,0.023527701885806437,validation
2018-11-16,1.1402,-0.004042539998665523,-0.020666573,0.02472321,-0.02342984135160554,0.023527701885806437,validation
2018-11-19,1.1448,-0.00903792402234474,-0.020561988,0.026520034,-0.02267676596250987,0.023527701885806437,validation
2018-11-20,1.1391,-0.00149352103316705,-0.020535529,0.024707494,-0.022198662304818265,0.023527701885806437,validation
2018-11-21,1.1393,-0.00026335425688789327,-0.020550746,0.02503757,-0.021961985005111134,0.023527701885806437,validation
2018-11-23,1.1332,0.0031718088265294264,-0.021123527,0.025073413,-0.02047345101592694,0.023527701885806437,validation
2018-11-26,1.1336,-0.0019426054674153426,-0.0209219,0.025361067,-0.020312947188249456,0.023527701885806437,validation
2018-11-27,1.1281,0.007154559512151881,-0.021316878,0.025470378,-0.020300454466242176,0.023527701885806437,validation
2018-11-28,1.1286,0.006359321908292345,-0.021373568,0.02596118,-0.020300454466242176,0.023527701885806437,validation
2018-11-29,1.1382,-0.00723043446263745,-0.021015618,0.024820434,-0.020300454466242176,0.023527701885806437,validation
2018-11-30,1.1323,0.0014120556578001153,-0.02110322,0.024950108,-0.020300454466242176,0.023527701885806437,validation
2018-12-03,1.1356,0.0007042253812168664,-0.021145163,0.02444699,-0.020300454466242176,0.023527701885806437,validation
2018-12-04,1.1345,0.006764202010866166,-0.021437319,0.024774719,-0.020300454466242176,0.023527701885806437,validation
2018-12-06,1.1374,0.005086391742958357,-0.020837668,0.023916569,-0.020300454466242176,0.023527701885806437,validation
2018-12-07,1.139,0.0010530011502994374,-0.021157213,0.024341097,-0.020300454466242176,0.023527701885806437,validation
2018-12-10,1.1368,0.003512472877140599,-0.021329634,0.025080223,-0.020300454466242176,0.023527701885806437,validation
2018-12-11,1.1314,0.008624536430289625,-0.021402204,0.024968756,-0.020300454466242176,0.023527701885806437,validation
2018-12-12,1.1362,0.00727849926959484,-0.02074936,0.025012126,-0.020300454466242176,0.023527701885806437,validation
2018-12-13,1.1358,0.008591268763049026,-0.02120229,0.025442928,-0.020300454466242176,0.023527701885806437,validation
2018-12-14,1.13,0.005031568191214406,-0.021543263,0.024820708,-0.020300454466242176,0.023527701885806437,validation
2018-12-17,1.1339,0.005277521264938773,-0.021296415,0.025004087,-0.020295216578173774,0.023527701885806437,validation
2018-12-18,1.1364,0.004039699882042724,-0.020764578,0.024154674,-0.020295216578173774,0.023527701885806437,validation
2018-12-19,1.1422,0.004019227778452178,-0.02027265,0.025325999,-0.020225950436197262,0.023527701885806437,validation
2018-12-20,1.1432,0.001049134560297621,-0.020120654,0.02598153,-0.020045341331038597,0.023527701885806437,validation
2018-12-21,1.1402,0.010643038612891897,-0.02077074,0.025686294,-0.020001632975248436,0.023527701885806437,validation
2018-12-26,1.1408,0.00950934101483017,-0.020618744,0.025229428,-0.020001632975248436,0.023527701885806437,validation
2018-12-27,1.1412,0.005853845732106067,-0.020581756,0.025413716,-0.020001632975248436,0.023527701885806437,validation
2018-12-28,1.1445,-0.0046415987349101295,-0.020474646,0.028018763,-0.020001632975248436,0.023527701885806437,validation
2018-12-31,1.1456,-0.004198746546349608,-0.020489864,0.02951488,-0.019953444650308103,0.023527701885806437,validation
2019-01-02,1.1357,0.0025502366193809745,-0.020792449,0.023629174,-0.019953444650308103,0.023527701885806437,validation
2019-01-03,1.1399,-0.0032511781197062106,-0.020284003,0.023342036,-0.019953444650308103,0.023527701885806437,validation
2019-01-04,1.141,-0.004479782624699835,-0.02029922,0.024743238,-0.019953444650308103,0.023527701885806437,validation
2019-01-07,1.1468,-0.00682477056203265,-0.020021124,0.025509937,-0.019953444650308103,0.023527701885806437,validation
2019-01-08,1.1444,-0.010717839573395643,-0.020122183,0.024942243,-0.019953444650308103,0.023527701885806437,validation
2019-01-09,1.1524,-0.01020461517652127,-0.020931961,0.02589338,-0.019953444650308103,0.023527701885806437,validation
2019-01-10,1.1517,-0.0068830591936459296,-0.020240843,0.026743952,-0.019953444650308103,0.023527701885806437,validation
2019-01-11,1.1479,-0.004802873486130982,-0.020093,0.026228804,-0.019953444650308103,0.023527701885806437,validation
2019-01-15,1.1392,0.002279702872447442,-0.020837694,0.024097443,-0.019953444650308103,0.023527701885806437,validation
2019-01-16,1.1408,0.0040241502997253875,-0.020761065,0.023931608,-0.019953444650308103,0.023372666714097348,validation
2019-01-17,1.1386,0.007699075650789117,-0.021499973,0.025076335,-0.019953444650308103,0.023372666714097348,validation
2019-01-18,1.1362,0.006666691358189147,-0.021493567,0.024021603,-0.019953444650308103,0.023372666714097348,validation
2019-01-22,1.1359,0.00412915148506271,-0.021493567,0.024414357,-0.019953444650308103,0.022857945761741195,validation
2019-01-23,1.139,-0.0008783487609060059,-0.021467986,0.022832865,-0.019953444650308103,0.022857945761741195,validation
2019-01-24,1.1322,0.003086558295040953,-0.021898642,0.02442646,-0.019953444650308103,0.022857945761741195,validation
2019-01-25,1.1407,-0.007126234354147554,-0.021232005,0.024100054,-0.019953444650308103,0.022857945761741195,validation
2019-01-28,1.1438,-0.014175892242973817,-0.021320859,0.024086531,-0.019953444650308103,0.022857945761741195,validation
2019-01-29,1.1424,-0.009498752157907936,-0.021306938,0.024186576,-0.019953444650308103,0.022857945761741195,validation
2019-01-30,1.1418,-0.01145084299155448,-0.021046942,0.024387706,-0.019953444650308103,0.022857945761741195,validation
2019-01-31,1.1454,-0.014953220831915609,-0.021141674,0.024721755,-0.019953444650308103,0.022857945761741195,validation
2019-02-01,1.1474,-0.01811675616555311,-0.021035405,0.02670278,-0.019953444650308103,0.022857945761741195,validation
2019-02-04,1.1438,-0.009663608541760405,-0.020960333,0.024909329,-0.019953444650308103,0.022857945761741195,validation
2019-02-05,1.1406,-0.005979616832235274,-0.020975854,0.024737757,-0.019953444650308103,0.022857945761741195,validation
2019-02-06,1.138,-0.0033447791063484222,-0.021224095,0.023105921,-0.019953444650308103,0.022857945761741195,validation
2019-02-07,1.1357,-0.0010571756777041086,-0.021629343,0.023933912,-0.019953444650308103,0.022857945761741195,validation
2019-02-08,1.1326,0.004229081192994616,-0.021856187,0.027152877,-0.019953444650308103,0.022857945761741195,validation
2019-02-11,1.1277,0.008213054512294107,-0.022083925,0.027551876,-0.019953444650308103,0.022857945761741195,validation
2019-02-12,1.1316,0.005551897935550804,-0.0217227,0.023570798,-0.019953444650308103,0.022857945761741195,validation
2019-02-13,1.1288,0.0077656585103721,-0.021306407,0.023594787,-0.019953444650308103,0.022857945761741195,validation
2019-02-14,1.1284,0.003891743811614057,-0.021418557,0.023770325,-0.019953444650308103,0.022857945761741195,validation
2019-02-15,1.1268,0.002835875704168614,-0.021418557,0.023632241,-0.019663158577037987,0.022857945761741195,validation
2019-02-19,1.1328,-0.0007064641763271928,-0.021157201,0.02345899,-0.019663158577037987,0.022857945761741195,validation
2019-02-21,1.1338,-0.010996918200631145,-0.021101987,0.023661364,-0.019663158577037987,0.022857945761741195,validation
2019-02-22,1.1342,-0.008766936824213728,-0.020912118,0.023920326,-0.019663158577037987,0.022857945761741195,validation
2019-02-25,1.1345,-0.010544601711797497,-0.020949107,0.02468826,-0.019663158577037987,0.022857945761741195,validation
2019-02-26,1.1374,-0.008653475632741853,-0.020738687,0.02033864,-0.019663158577037987,0.022857945761741195,validation
2019-02-27,1.137,-0.005291017634415585,-0.020789886,0.024706576,-0.019663158577037987,0.022857945761741195,validation
2019-02-28,1.1379,-0.006612905992645121,-0.020789886,0.024750972,-0.019663158577037987,0.022857945761741195,validation
2019-03-01,1.1376,-0.004404905369271711,-0.020789886,0.02505066,-0.019663158577037987,0.022857945761741195,validation
2019-03-04,1.1328,0.0007941760840975698,-0.0208969,0.021869155,-0.019663158577037987,0.022857945761741195,validation
2019-03-05,1.13,0.0040625331860807,-0.021439636,0.022520168,-0.019663158577037987,0.022857945761741195,validation
2019-03-06,1.132,0.0028228670827047386,-0.021193309,0.0203465,-0.019663158577037987,0.022857945761741195,validation
2019-03-07,1.1214,0.01302343988628682,-0.02123915,0.02480777,-0.019663158577037987,0.022857945761741195,validation
2019-03-08,1.1243,0.0034628225501618093,-0.020951124,0.024094101,-0.019663158577037987,0.022857945761741195,validation
2019-03-11,1.1226,0.008691850729645637,-0.021157665,0.0244742,-0.019663158577037987,0.022857945761741195,validation
2019-03-12,1.1276,0.00035467281804668627,-0.020841358,0.024287857,-0.019663158577037987,0.022857945761741195,validation
2019-03-13,1.131,-0.0053191614775999485,-0.020284003,0.023510344,-0.019663158577037987,0.022857945761741195,validation
2019-03-14,1.1304,-0.006033736140229201,-0.020665906,0.025115002,-0.019663158577037987,0.022857945761741195,validation
2019-03-15,1.1326,-0.008690309191977219,-0.020581484,0.02487196,-0.019663158577037987,0.022857945761741195,validation
2019-03-18,1.1337,-0.011265475951393003,-0.020749109,0.030344851,-0.019663158577037987,0.022857945761741195,validation
2019-03-19,1.1346,-0.014202262504979232,-0.020776054,0.031648476,-0.019663158577037987,0.022857945761741195,validation
2019-03-20,1.1352,-0.00973717527785821,-0.020594306,0.03165481,-0.019663158577037987,0.022857945761741195,validation
2019-03-21,1.1361,-0.012845107295533356,-0.020594306,0.031021314,-0.019663158577037987,0.022857945761741195,validation
2019-03-22,1.1282,-0.00577805065469815,-0.020958208,0.025635684,-0.019663158577037987,0.022857945761741195,validation
2019-03-25,1.1324,-0.005490140417226383,-0.020284003,0.024749989,-0.019663158577037987,0.022857945761741195,validation
2019-03-26,1.128,-0.0001773206849224468,-0.020745125,0.024987055,-0.019663158577037987,0.02249077683016994,validation
2019-03-27,1.125,0.0014212118220931214,-0.020905538,0.02460104,-0.019663158577037987,0.02249077683016994,validation
2019-03-28,1.1236,0.0023113175904296707,-0.0209606,0.024627073,-0.019663158577037987,0.02249077683016994,validation
2019-03-29,1.1228,0.006745986882590302,-0.021312356,0.025147187,-0.019663158577037987,0.02249077683016994,validation
2019-04-01,1.121,0.008350408298157835,-0.021630986,0.02791428,-0.019663158577037987,0.02249077683016994,validation
2019-04-02,1.1186,0.009520068342136923,-0.02202177,0.027322803,-0.019663158577037987,0.02249077683016994,validation
2019-04-03,1.1242,0.004880439164908337,-0.021157201,0.025093412,-0.019663158577037987,0.02249077683016994,validation
2019-04-04,1.1216,0.0022264781874258843,-0.021256788,0.025178704,-0.019663158577037987,0.02249077683016994,validation
2019-04-05,1.1217,0.002582025206923716,-0.021248922,0.024562892,-0.019663158577037987,0.02249077683016994,validation
2019-04-08,1.1262,-0.0003552397905920851,-0.020951511,0.02518882,-0.019663158577037987,0.02249077683016994,validation
2019-04-09,1.1278,-0.005780105906246669,-0.020833865,0.024212996,-0.019663158577037987,0.02249077683016994,validation
2019-04-10,1.1266,-0.00659010310934223,-0.020796876,0.023375966,-0.019663158577037987,0.02249077683016994,validation
2019-04-11,1.1262,-0.010891992333288802,-0.021353133,0.02400864,-0.019663158577037987,0.02249077683016994,validation
2019-04-12,1.1304,-0.013358467414864461,-0.020897688,0.025828574,-0.01948733335095859,0.02249077683016994,validation
2019-04-15,1.1304,-0.012283198494057637,-0.021015322,0.029510802,-0.018662647291052964,0.02249077683016994,validation
2019-04-16,1.1293,-0.008180004711930672,-0.021015322,0.024796542,-0.018662647291052964,0.02249077683016994,validation
2019-04-17,1.1297,-0.004524693874781646,-0.021042267,0.02672762,-0.018662647291052964,0.02249077683016994,validation
2019-04-18,1.1241,-0.005083622988205597,-0.02111947,0.024397789,-0.018662647291052964,0.02249077683016994,validation
2019-04-19,1.1246,-0.005349513470613743,-0.02127235,0.021301782,-0.018662647291052964,0.02249077683016994,validation
2019-04-22,1.1258,-0.005433101763774928,-0.021193309,0.022000002,-0.018662647291052964,0.02249077683016994,validation
2019-04-23,1.1213,-0.0031262586312373053,-0.021801924,0.020346282,-0.018662647291052964,0.02249077683016994,validation
2019-04-24,1.1192,0.0012501117799127853,-0.022078624,0.019581497,-0.018662647291052964,0.02249077683016994,validation
2019-04-25,1.114,0.007868424000498031,-0.021558788,0.020675741,-0.018662647291052964,0.02249077683016994,validation
2019-04-26,1.1154,0.007769630512298176,-0.021670938,0.02246679,-0.018662647291052964,0.02249077683016994,validation
2019-04-29,1.1166,0.005893400395286547,-0.021978645,0.022472546,-0.018662647291052964,0.0224061165917832,validation
2019-04-30,1.1201,0.0005355230402884492,-0.021203892,0.022989983,-0.018662647291052964,0.022331589072168888,validation
2019-05-01,1.1246,-0.003384700835304108,-0.020781659,0.021756073,-0.018662647291052964,0.022331589072168888,validation
2019-05-02,1.1184,-0.000536624643948172,-0.02111407,0.024001328,-0.018662647291052964,0.022098418524425914,validation
2019-05-03,1.1186,-0.00178954951122752,-0.02121371,0.023945315,-0.018662647291052964,0.022006508820541188,validation
2019-05-06,1.1197,-0.0024142721969505065,-0.021183899,0.022832088,-0.018662647291052964,0.022006508820541188,validation
2019-05-07,1.1178,-0.001790831424169817,-0.021129288,0.022579873,-0.018662647291052964,0.022006508820541188,validation
2019-05-08,1.1206,-0.00447187937785036,-0.021132423,0.023001919,-0.018662647291052964,0.022006508820541188,validation
2019-05-09,1.1228,-0.00500001041670578,-0.021042267,0.026506066,-0.018662647291052964,0.021389105953985754,validation
2019-05-10,1.1241,-0.003921923201600258,-0.021042267,0.02596091,-0.018662647291052964,0.021389105953985754,validation
2019-05-13,1.1232,-0.004908751879980897,-0.021042267,0.025916763,-0.018662647291052964,0.021389105953985754,validation
2019-05-14,1.1207,-0.006355479477827206,-0.021353133,0.023522671,-0.018662647291052964,0.021389105953985754,validation
2019-05-15,1.1208,-0.00608557453556785,-0.02210498,0.025790643,-0.018662647291052964,0.021389105953985754,validation
2019-05-16,1.1178,-0.0025977530620718975,-0.022200307,0.022339333,-0.018662647291052964,0.021389105953985754,validation
2019-05-17,1.1166,0.0035759022549240738,-0.02220978,0.023227261,-0.018662647291052964,0.021389105953985754,validation
2019-05-20,1.117,0.005891296160887849,-0.022163602,0.022512292,-0.018662647291052964,0.021389105953985754,validation
2019-05-21,1.1158,0.007500035156546805,-0.022163602,0.022492107,-0.018662647291052964,0.021389105953985754,validation
2019-05-22,1.1156,0.012294141485402463,-0.022163602,0.023239262,-0.018662647291052964,0.021389105953985754,validation
2019-05-23,1.1172,0.013513719166722934,-0.02210498,0.023097865,-0.018662647291052964,0.021389105953985754,validation
2019-05-24,1.1197,0.010129818271184171,-0.02210498,0.022980094,-0.018662647291052964,0.020946086634326695,validation
2019-05-28,1.1177,0.012359558035846305,-0.02210498,0.022235027,-0.018662647291052964,0.020696884268133105,validation
2019-05-29,1.1136,0.01550418653596533,-0.022010533,0.019556323,-0.018662647291052964,0.020651101341091282,validation
2019-05-30,1.114,0.012045650889603951,-0.021944012,0.019747797,-0.018662647291052964,0.02051214019688357,validation
2019-05-31,1.1149,0.006080676877651861,-0.021938631,0.019838776,-0.018662647291052964,0.020275674424980943,validation
2019-06-03,1.1206,0.0025845564941996274,-0.021896299,0.022088902,-0.018662647291052964,0.020275674424980943,validation
2019-06-04,1.1236,-0.0035663375887901583,-0.021556955,0.021972524,-0.018662647291052964,0.020275674424980943,validation
2019-06-05,1.1242,-0.0024937668784025674,-0.021738695,0.02204784,-0.018662647291052964,0.020275674424980943,validation
2019-06-06,1.1294,-0.0008858181108949981,-0.021597298,0.024083534,-0.018662647291052964,0.020275674424980943,validation
2019-06-07,1.1324,0.00035316970171074547,-0.021607904,0.026261183,-0.018662647291052964,0.020275674424980943,validation
2019-06-10,1.1311,0.007223428166734672,-0.021442229,0.02349194,-0.018662647291052964,0.020275674424980943,validation
2019-06-11,1.1316,0.006166877089569478,-0.021403711,0.024617648,-0.018662647291052964,0.020275674424980943,validation
2019-06-12,1.131,0.007048487331061698,-0.021861224,0.02457029,-0.018662647291052964,0.020275674424980943,validation
2019-06-13,1.1275,0.008566308400011338,-0.021535326,0.023191681,-0.018662647291052964,0.020275674424980943,validation
2019-06-14,1.1217,0.013899564221521624,-0.021700853,0.020889806,-0.018662647291052964,0.020275674424980943,validation
2019-06-17,1.1235,0.006388097315815661,-0.021626579,0.020618433,-0.018662647291052964,0.020275674424980943,validation
2019-06-18,1.1196,0.009334645724806787,-0.021989439,0.022233412,-0.018662647291052964,0.020275674424980943,validation
2019-06-19,1.1214,0.005424887687261251,-0.02165639,0.022289846,-0.018662647291052964,0.020275674424980943,validation
2019-06-20,1.1284,-0.006044462847515711,-0.02111763,0.027623555,-0.018662647291052964,0.020275674424980943,validation
2019-06-21,1.1328,-0.01064972791665808,-0.021227201,0.027155044,-0.018662647291052964,0.020275674424980943,validation
2019-06-24,1.1393,-0.016192894631910135,-0.02108064,0.026985759,-0.018662647291052964,0.020275674424980943,validation
2019-06-25,1.1386,-0.011127907817345947,-0.021351486,0.027477738,-0.018662647291052964,0.020275674424980943,validation
2019-06-26,1.139,-0.01139034874420218,-0.021274853,0.027663615,-0.018662647291052964,0.020275674424980943,validation
2019-06-27,1.1372,-0.010430572777666139,-0.021264225,0.027388364,-0.018662647291052964,0.020275674424980943,validation
2019-06-28,1.1374,-0.010073426173063685,-0.021275245,0.027791923,-0.018662647291052964,0.020275674424980943,validation
2019-07-01,1.1307,-0.008437369650566282,-0.021663284,0.02494643,-0.018662647291052964,0.020275674424980943,validation
2019-07-02,1.1301,-0.006124370094558518,-0.021626579,0.023697404,-0.018662647291052964,0.020275674424980943,validation
2019-07-03,1.1275,-0.00417722688910592,-0.021730665,0.023826355,-0.018662647291052964,0.02013973874631793,validation
2019-07-05,1.1216,0.0003565698023161451,-0.022215974,0.022849187,-0.018662647291052964,0.02013973874631793,validation
2019-07-08,1.1208,0.0005351886667748496,-0.022257436,0.022822678,-0.018662647291052964,0.02013973874631793,validation
2019-07-09,1.121,-0.004828767318826088,-0.022568258,0.023097575,-0.018662647291052964,0.02013973874631793,validation
2019-07-10,1.126,-0.01062462563436467,-0.022463694,0.022710102,-0.018662647291052964,0.01976131536125083,validation
2019-07-11,1.1261,-0.009367958949646149,-0.022319524,0.023919325,-0.018662647291052964,0.01963779033141483,validation
2019-07-12,1.1254,-0.011888408174382206,-0.02232212,0.023302795,-0.018662647291052964,0.01963779033141483,validation
2019-07-15,1.126,-0.01053487111292041,-0.022262698,0.02406696,-0.018662647291052964,0.01958222749281411,validation
2019-07-16,1.1212,-0.00572452368284003,-0.0220472,0.022737281,-0.018662647291052964,0.01958222749281411,validation
2019-07-17,1.1232,-0.00912268199600183,-0.022089532,0.022880064,-0.018662647291052964,0.01958222749281411,validation
2019-07-18,1.1228,-0.014894846927149735,-0.022018062,0.023398234,-0.018662647291052964,0.01958222749281411,validation
2019-07-19,1.122,-0.00967229464250774,-0.022018062,0.023068108,-0.018662647291052964,0.01958222749281411,validation
2019-07-22,1.1214,-0.0015171124234209105,-0.02215711,0.022144109,-0.018662647291052964,0.01958222749281411,validation
2019-07-23,1.1156,0.003579101887964564,-0.022390848,0.01987009,-0.018662647291052964,0.01958222749281411,validation
2019-07-24,1.1141,0.008490912164817621,-0.022811271,0.020315163,-0.018662647291052964,0.01958222749281411,validation
2019-07-25,1.1156,0.004828767318826088,-0.022555172,0.019588036,-0.018662647291052964,0.01920199197599909,validation
2019-07-26,1.1121,0.00904092449207533,-0.022767643,0.01980919,-0.018662647291052964,0.018978949583671512,validation
2019-07-29,1.1142,0.006262881703918005,-0.022687342,0.020278122,-0.018662647291052964,0.018965232085165245,validation
2019-07-30,1.1148,0.0030452329847518445,-0.022476833,0.019758487,-0.018662647291052964,0.018959796129002587,validation
2019-07-31,1.113,0.0012570711900511677,-0.022510596,0.019716533,-0.018662647291052964,0.01891061055811599,validation
2019-08-01,1.1062,0.003969691246929141,-0.023206385,0.022190519,-0.018662647291052964,0.018868938488774953,validation
2019-08-02,1.1112,-0.0018916368294380898,-0.021872353,0.02153318,-0.018662647291052964,0.01832617467792419,validation
2019-08-05,1.1197,-0.00906120226552945,-0.020555576,0.025591087,-0.018662647291052964,0.018154081805388935,validation
2019-08-06,1.1196,-0.009332443899675455,-0.020356022,0.026767386,-0.018662647291052964,0.018136782914458464,validation
2019-08-07,1.1236,-0.012357997338287768,-0.020377792,0.025963644,-0.018662647291052964,0.01719203181739617,validation
2019-08-08,1.121,-0.01085261111298974,-0.020463709,0.026256373,-0.018662647291052964,0.01719203181739617,validation
2019-08-09,1.1222,-0.0066160277090785286,-0.020603074,0.027001835,-0.018662647291052964,0.01719203181739617,validation
2019-08-12,1.1212,-0.008959027850499207,-0.020680338,0.027052201,-0.018662647291052964,0.01719203181739617,validation
2019-08-13,1.1182,-0.007900920971410888,-0.020730838,0.026064027,-0.018662647291052964,0.01719203181739617,validation
2019-08-14,1.1144,-0.005398609476772592,-0.021131849,0.026876753,-0.018662647291052964,0.01719203181739617,validation
2019-08-15,1.1106,-0.004240926726192459,-0.021472527,0.026879115,-0.018662647291052964,0.01719203181739617,validation
2019-08-16,1.1091,-0.009239196157817528,-0.021554533,0.02751798,-0.018662647291052964,0.01719203181739617,validation
2019-08-19,1.1096,-0.011602740752517118,-0.021628069,0.026548633,-0.018662647291052964,0.01719203181739617,validation
2019-08-20,1.1092,-0.00605870642062184,-0.02166954,0.026378563,-0.018662647291052964,0.01719203181739617,validation
2019-08-21,1.1098,-0.005421046886399966,-0.021782726,0.02652337,-0.018662647291052964,0.01719203181739617,validation
2019-08-22,1.1089,-0.0042474421092258685,-0.021769773,0.027467767,-0.018662647291052964,0.01719203181739617,validation
2019-08-23,1.1148,-0.008286842594387792,-0.02090307,0.024337837,-0.018662647291052964,0.01719203181739617,validation
2019-08-26,1.1112,-0.0063194215901896805,-0.021304136,0.023746364,-0.018662647291052964,0.01719203181739617,validation
2019-08-27,1.1094,-0.008418243875744025,-0.021248922,0.023478929,-0.018662647291052964,0.01719203181739617,validation
2019-08-28,1.1084,-0.000902608599956653,-0.021285588,0.023585478,-0.018662647291052964,0.01719203181739617,validation
2019-08-29,1.1059,0.001355442307552357,-0.021663917,0.023831012,-0.018662647291052964,0.01719203181739617,validation
2019-08-30,1.0989,0.0015458061727800787,-0.022328697,0.024172183,-0.018662647291052964,0.01719203181739617,validation
2019-09-03,1.0968,0.0086242647927606,-0.022694174,0.020730007,-0.018662647291052964,0.016867866804031493,validation
2019-09-04,1.1025,0.0032599865872074973,-0.021814402,0.023281017,-0.018662647291052964,0.01620421588148735,validation
2019-09-05,1.1038,0.0007245064616863833,-0.021783441,0.022477342,-0.018662647291052964,0.01620421588148735,validation
2019-09-06,1.1042,-0.0034473407995247868,-0.021640398,0.022672294,-0.018662647291052964,0.01620421588148735,validation
2019-09-09,1.1056,-0.005896510938550703,-0.021669272,0.023054216,-0.018662647291052964,0.01620421588148735,validation
2019-09-10,1.1042,-0.0039018242868732456,-0.022049459,0.023076331,-0.018662647291052964,0.01620421588148735,validation
2019-09-11,1.1001,-0.004738049866010896,-0.022127299,0.023010343,-0.018662647291052964,0.01614322311666082,validation
2019-09-12,1.1074,-0.012357053476194299,-0.021053338,0.023999164,-0.018662647291052964,0.01603049130124088,validation
2019-09-13,1.1074,-0.01199142275914114,-0.021068556,0.025379978,-0.018662647291052964,0.01603049130124088,validation
2019-09-16,1.1006,-0.009219178983974674,-0.021427644,0.024040883,-0.018662647291052964,0.01603049130124088,validation
2019-09-17,1.1063,-0.011911938986952336,-0.0210014,0.023950007,-0.018662647291052964,0.01603049130124088,validation
2019-09-18,1.1061,-0.009994631626495151,-0.021053607,0.024438336,-0.018662647291052964,0.01603049130124088,validation
2019-09-19,1.1046,-0.004991615392232529,-0.021016618,0.02385235,-0.018662647291052964,0.01603049130124088,validation
2019-09-20,1.1004,-0.002730004425544566,-0.021585837,0.023347009,-0.018662647291052964,0.01603049130124088,validation
2019-09-23,1.0991,-0.0006370876210933379,-0.022038875,0.02363913,-0.018662647291052964,0.01603049130124088,validation
2019-09-24,1.0999,-0.004556231683691861,-0.022009162,0.02641155,-0.018662647291052964,0.01603049130124088,validation
2019-09-25,1.0949,0.002645142236409742,-0.02203681,0.024097826,-0.018662647291052964,0.01603049130124088,validation
2019-09-26,1.0938,0.007287334125943609,-0.022458239,0.024218285,-0.018662647291052964,0.01603049130124088,validation
2019-09-27,1.0942,0.008825861394580484,-0.02228022,0.024182715,-0.018662647291052964,0.01603049130124088,validation
2019-09-30,1.0905,0.011941256701447175,-0.021989657,0.02382347,-0.018662647291052964,0.01603049130124088,validation
2019-10-01,1.0932,0.012996047865377738,-0.02208165,0.023485737,-0.018662647291052964,0.01603049130124088,validation
2019-10-02,1.0951,0.016123537697666,-0.021863408,0.023703054,-0.018662647291052964,0.01603049130124088,validation
2019-10-03,1.0991,0.014811071797732472,-0.021246675,0.023793407,-0.018662647291052964,0.01603049130124088,validation
2019-10-04,1.0974,0.015462128201048642,-0.021599704,0.024074206,-0.018662647291052964,0.01603049130124088,validation
2019-10-07,1.0984,0.013923016701806817,-0.021517327,0.024806855,-0.018420515737554256,0.01603049130124088,validation
2019-10-08,1.0949,0.01531728863998981,-0.021614298,0.023762083,-0.01819748578242676,0.01603049130124088,validation
2019-10-09,1.0978,0.01087164177601184,-0.021584487,0.02413856,-0.01812035231285962,0.01603049130124088,validation
2019-10-10,1.1018,0.005701630903663782,-0.021246675,0.026034947,-0.018079032341248316,0.01603049130124088,validation
2019-10-11,1.1039,0.004969964596828025,-0.021103302,0.026325522,-0.018079032341248316,0.01603049130124088,validation
2019-10-15,1.1036,0.007312811896438273,-0.021211073,0.026572876,-0.018079032341248316,0.01603049130124088,validation
2019-10-16,1.1075,0.004324720678693023,-0.021294957,0.026533341,-0.018079032341248316,0.01603049130124088,validation
2019-10-17,1.1129,0.0023335138932076976,-0.02196915,0.026544863,-0.018079032341248316,0.0161244513789611,validation
2019-10-18,1.1155,0.001254255674193766,-0.02113062,0.029651118,-0.018079032341248316,0.0161244513789611,validation
2019-10-21,1.1145,-8.973036032759729e-05,-0.020972833,0.026816322,-0.018079032341248316,0.0161244513789611,validation
2019-10-22,1.1138,-0.006123938446931279,-0.020539323,0.02669578,-0.018079032341248316,0.0161244513789611,validation
2019-10-23,1.1118,-0.003784811222562301,-0.021025317,0.026602851,-0.018079032341248316,0.0161244513789611,validation
2019-10-24,1.1098,-0.004787075031628882,-0.020760678,0.028768912,-0.018079032341248316,0.0161244513789611,validation
2019-10-25,1.1081,-0.005610874448548436,-0.020900533,0.029642904,-0.018079032341248316,0.0161244513789611,validation
2019-10-28,1.1094,-0.0069648872751149615,-0.020806346,0.029024916,-0.018079032341248316,0.0161244513789611,validation
2019-10-29,1.1117,-0.010216625189149703,-0.020747725,0.030048497,-0.018079032341248316,0.0161244513789611,validation
2019-10-30,1.1123,-0.009666275183538645,-0.021520635,0.029085698,-0.018079032341248316,0.0161244513789611,validation
2019-10-31,1.1155,-0.009819456405499943,-0.021507803,0.028171761,-0.018041922385791106,0.0161244513789611,validation
2019-11-01,1.1169,-0.008090659020153601,-0.021471098,0.028854184,-0.018041922385791106,0.0161244513789611,validation
2019-11-04,1.1144,-0.006210920546305357,-0.021482388,0.025955223,-0.018041922385791106,0.0161244513789611,validation
2019-11-05,1.107,-0.0006325396677716311,-0.021371396,0.02618661,-0.018041922385791106,0.0161244513789611,validation
2019-11-06,1.1076,-0.0008128980260670576,-0.021285303,0.023638496,-0.018041922385791106,0.0161244513789611,validation
2019-11-07,1.1045,-0.0014496695480706728,-0.021677626,0.023047902,-0.018041922385791106,0.0161244513789611,validation
2019-11-08,1.1019,-0.0009079354173739534,-0.021798715,0.020898916,-0.018041922385791106,0.0161244513789611,validation
2019-11-12,1.1017,-0.0004539470775669491,-0.022255238,0.02064176,-0.018041922385791106,0.0161244513789611,validation
2019-11-13,1.1004,-0.0001817686090617443,-0.02256635,0.023103833,-0.01776820052936837,0.0161244513789611,validation
2019-11-14,1.1016,0.00027229407928638927,-0.02256635,0.023062265,-0.01776820052936837,0.0161244513789611,validation
2019-11-15,1.1046,0.0026219444522034424,-0.021987595,0.021309357,-0.01776820052936837,0.0161244513789611,validation
2019-11-18,1.1079,0.0009022014325428679,-0.021486271,0.023038438,-0.01776820052936837,0.0161244513789611,validation
2019-11-19,1.1075,9.028937751606736e-05,-0.021966506,0.023470713,-0.01776820052936837,0.0161244513789611,validation
2019-11-20,1.1063,0.0036991967116748736,-0.022606986,0.022669392,-0.01776820052936837,0.0161244513789611,validation
2019-11-21,1.1067,-0.0013563002214782155,-0.022569997,0.022586819,-0.01776820052936837,0.0161244513789611,validation
2019-11-22,1.1029,0.003439539958638424,-0.022470165,0.01984838,-0.01776820052936837,0.0161244513789611,validation
2019-11-25,1.1009,0.007330681274009571,-0.022741275,0.022465872,-0.01776820052936837,0.0161244513789611,validation
2019-11-26,1.1012,0.0072385404731707265,-0.022695096,0.022603568,-0.01776820052936837,0.016029577619945782,validation
2019-11-27,1.1002,0.010218472962893438,-0.022695096,0.022511277,-0.01776820052936837,0.01575477287651697,validation
2019-11-29,1.1019,0.009843399115501764,-0.022668151,0.022009566,-0.01776820052936837,0.015516005696476638,validation
2019-12-02,1.1075,0.005762147931853354,-0.022361316,0.020497506,-0.01776820052936837,0.015464231117794474,validation
2019-12-03,1.1089,0.005306483648622989,-0.021637809,0.020177977,-0.01776820052936837,0.015464231117794474,validation
2019-12-04,1.1076,0.0033349888947940692,-0.022361595,0.021009376,-0.01776820052936837,0.015464231117794474,validation
2019-12-05,1.1104,0.0021590508566930594,-0.021635996,0.021359881,-0.01776820052936837,0.015464231117794474,validation
2019-12-06,1.1052,0.002169198247545273,-0.022326104,0.020913042,-0.01776820052936837,0.015464231117794474,validation
2019-12-09,1.1067,0.0021662613399562464,-0.022324607,0.021837976,-0.01776820052936837,0.015464231117794474,validation
2019-12-10,1.109,-0.0005411743615436199,-0.021521779,0.022003023,-0.01776820052936837,0.015464231117794474,validation
2019-12-11,1.1092,0.0009011445144380542,-0.021521779,0.022792958,-0.01776820052936837,0.015464231117794474,validation
2019-12-12,1.1115,0.005294103620797144,-0.021483261,0.02285601,-0.01776820052936837,0.015464231117794474,validation
2019-12-13,1.1128,0.007966030041944488,-0.02171482,0.027766127,-0.01776820052936837,0.015464231117794474,validation
2019-12-16,1.1139,0.007869127613589821,-0.02157006,0.027700199,-0.01776820052936837,0.015464231117794474,validation
2019-12-17,1.1148,0.0016133372684669495,-0.02157006,0.026857687,-0.01776820052936837,0.015464231117794474,validation
2019-12-18,1.1113,0.005384559361691424,-0.02177693,0.021974968,-0.01776820052936837,0.015464231117794474,validation
2019-12-19,1.1128,0.005287935243651662,-0.021689404,0.024961876,-0.01776820052936837,0.015464231117794474,validation
2019-12-20,1.1076,0.005582079858761441,-0.022419937,0.020847844,-0.01776820052936837,0.015464231117794474,validation
2019-12-23,1.1091,0.0023414996288733253,-0.0215804,0.020652987,-0.01776820052936837,0.015464231117794474,validation
2019-12-24,1.1084,0.0019828758186834494,-0.0215804,0.02106943,-0.01776820052936837,0.015464231117794474,validation
2019-12-26,1.1102,0.0015300844531426355,-0.021521779,0.022488503,-0.01776820052936837,0.015464231117794474,validation
2019-12-27,1.1174,-0.0032269658694802084,-0.021028157,0.027106648,-0.01776820052936837,0.015464231117794474,validation
2019-12-30,1.1217,-0.00778631937563283,-0.02131042,0.027467752,-0.01776820052936837,0.015464231117794474,validation
2019-12-31,1.1227,-0.005985634523477473,-0.021273715,0.025490338,-0.01776820052936837,0.015464231117794474,validation
2020-01-02,1.1166,-0.0031394383770800005,-0.021350197,0.026126636,-0.01776820052936837,0.015331843457350995,validation
2020-01-03,1.1173,-0.0071858748086783,-0.021262672,0.026747404,-0.01776820052936837,0.01531767352626919,validation
2020-01-06,1.1187,-0.008167706852263076,-0.0213262,0.027168807,-0.01776820052936837,0.015258193513438503,validation
2020-01-07,1.1138,-0.004769842099201949,-0.022001099,0.02496818,-0.01776820052936837,0.01483327237002683,validation
2020-01-08,1.1117,-0.006859851794477831,-0.02195273,0.023672456,-0.01776820052936837,0.01478449342710907,validation
2020-01-09,1.1106,-0.007229382651923619,-0.022027064,0.023782864,-0.01776820052936837,0.01478449342710907,validation
2020-01-10,1.1119,-0.009034301215472218,-0.021997252,0.023930388,-0.01776820052936837,0.01478449342710907,validation
2020-01-13,1.1138,-0.011740403976488928,-0.021918211,0.022944003,-0.01776820052936837,0.01478449342710907,validation
2020-01-14,1.113,-0.01138532222512531,-0.022189403,0.026011348,-0.01776820052936837,0.01478449342710907,validation
2020-01-15,1.116,-0.011535816462164325,-0.021888297,0.02560423,-0.01776820052936837,0.01478449342710907,validation
2020-01-16,1.1131,-0.004411838065930762,-0.022068717,0.022985231,-0.01776820052936837,0.014748797846927009,validation
2020-01-17,1.1093,-0.002798467184036188,-0.022010533,0.022646299,-0.01776820052936837,0.014473238458585419,validation
2020-01-21,1.1096,-0.004787939947536568,-0.021986777,0.023134239,-0.01776820052936837,0.01433477793521667,validation
2020-01-22,1.1085,-0.007152264430707753,-0.021948023,0.022190249,-0.01776820052936837,0.01432046332513596,validation
2020-01-23,1.1041,-0.005631259204404576,-0.02282093,0.025421495,-0.01776820052936837,0.013943278105841278,validation
2020-01-24,1.1026,-0.006916663904982065,-0.022784226,0.025279846,-0.01776820052936837,0.013900736845535883,validation
2020-01-27,1.1019,-0.009391452659548091,-0.022896126,0.025594074,-0.01776820052936837,0.013533011419462851,validation
2020-01-28,1.1008,-0.00830107389285549,-0.023303233,0.02257257,-0.01776820052936837,0.013047953850308602,validation
2020-01-29,1.1004,-0.010138461962019785,-0.023303233,0.022625778,-0.01776820052936837,0.01299741746642319,validation
2020-01-30,1.1032,-0.0168194092929609,-0.023421502,0.02218799,-0.01776820052936837,0.012912017528818822,validation
2020-01-31,1.1082,-0.022171429611545043,-0.021558484,0.02000938,-0.01776820052936837,0.012386959878030276,validation
2020-02-03,1.1062,-0.022581752167464345,-0.022354418,0.020181319,-0.01776820052936837,0.012386959878030276,validation
2020-02-04,1.1043,-0.02280631886854284,-0.022435734,0.019969473,-0.01776820052936837,0.012297412312924652,validation
2020-02-05,1.1006,-0.019172260872563643,-0.022593532,0.020372098,-0.01776820052936837,0.01229027014115699,validation
2020-02-06,1.0979,-0.011358553922340364,-0.022652153,0.02033626,-0.01776820052936837,0.012057871664433577,validation
2020-02-07,1.095,-0.00852942301279462,-0.023114853,0.023156576,-0.01776820052936837,0.011946476410855009,validation
2020-02-10,1.0916,-0.0044069112819906525,-0.023185285,0.023262115,-0.01776820052936837,0.011946476410855009,validation
2020-02-11,1.0917,-0.0027517903990893905,-0.023153676,0.023311155,-0.01776820052936837,0.011946476410855009,validation
2020-02-12,1.0893,0.007681793604870993,-0.02352882,0.022491122,-0.017531494134183822,0.011946476410855009,validation
2020-02-13,1.0848,0.014005446559258977,-0.025437947,0.022527467,-0.017531494134183822,0.011946476410855009,validation
2020-02-14,1.0839,0.029543574840462855,-0.024365408,0.022415318,-0.01776820052936837,0.011946476410855009,validation
2020-02-18,1.0815,0.03274508109461048,-0.023746604,0.022433463,-0.018079032341248316,0.011946476410855009,validation
2020-02-19,1.0794,0.03065374109100248,-0.02532778,0.023275137,-0.01812035231285962,0.011946476410855009,validation
2020-02-20,1.0797,0.0368240160226372,-0.02429827,0.022560973,-0.01819748578242676,0.011946476410855009,validation
2020-02-21,1.0855,0.04185692632002794,-0.023176111,0.020681752,-0.01819748578242676,0.011946476410855009,validation
2020-02-24,1.0857,0.05055617097814889,-0.022769429,0.020903345,-0.01819748578242676,0.011946476410855009,validation
2020-02-25,1.0868,0.042689958027735064,-0.022685006,0.020253783,-0.01819748578242676,0.011946476410855009,validation
2020-02-26,1.0887,0.03546182917086978,-0.022262683,0.020395285,-0.01819748578242676,0.011946476410855009,validation
2020-02-27,1.0977,0.009429755249009117,-0.022161476,0.025395459,-0.01819748578242676,0.011946476410855009,validation
2020-02-28,1.1001,0.005891166718619306,-0.021866113,0.025488015,-0.01819748578242676,0.012057871664433577,validation
2020-03-02,1.1164,-0.0022418518110231683,-0.025266951,0.02898231,-0.01819748578242676,0.01229027014115699,validation
2020-03-03,1.1175,-0.018423712664278655,-0.02526897,0.02965572,-0.01819748578242676,0.012297412312924652,validation
2020-03-04,1.113,-0.027047134324023142,-0.025206944,0.029579706,-0.01819748578242676,0.012386959878030276,validation
2020-03-05,1.1202,-0.04594205463117107,-0.026440542,0.029874364,-0.01819748578242676,0.012912017528818822,validation
2020-03-06,1.1319,-0.05792264773270442,-0.026988158,0.027136393,-0.01819748578242676,0.01299741746642319,validation
2020-03-09,1.142,-0.05953064949422565,-0.027003014,0.026817126,-0.01819748578242676,0.013047953850308602,validation
2020-03-10,1.1342,-0.04952222539538538,-0.02551722,0.028131388,-0.01819748578242676,0.013533011419462851,validation
2020-03-11,1.128,-0.04024961108159046,-0.025679799,0.029147904,-0.01819748578242676,0.013900736845535883,validation
2020-03-12,1.1081,-0.005066508621278748,-0.026062913,0.027335301,-0.01819748578242676,0.013900736845535883,validation
2020-03-13,1.1066,-0.0006327683826950065,-0.026670186,0.027635217,-0.01819748578242676,0.013900736845535883,validation
2020-03-16,1.1139,-0.010922164812527932,-0.026043652,0.030416919,-0.01819748578242676,0.013900736845535883,validation
2020-03-17,1.0971,0.004093333590999823,-0.032962497,0.028490437,-0.018367757533438573,0.013900736845535883,validation
2020-03-18,1.0833,0.009280169509377142,-0.033921722,0.030344179,-0.018461140074692902,0.013900736845535883,validation
2020-03-19,1.0699,0.015120180456184018,-0.03608206,0.03267036,-0.019187591666265075,0.013900736845535883,validation
2020-03-20,1.0682,0.010708235847424835,-0.03622205,0.03164409,-0.01948733335095859,0.013900736845535883,validation
2020-03-23,1.076,0.004451045924259295,-0.036241464,0.031431917,-0.019663158577037987,0.013900736845535883,validation
2020-03-24,1.0794,0.008487135815557323,-0.035565816,0.030026803,-0.019968454820649576,0.013900736845535883,validation
2020-03-25,1.0835,0.002672935828018058,-0.033400744,0.02833046,-0.020304809803956558,0.013900736845535883,validation
2020-03-26,1.1025,-0.008562632021211353,-0.033462755,0.029782688,-0.020304809803956558,0.013900736845535883,validation
2020-03-27,1.1059,-0.009813799799600953,-0.033406306,0.03003726,-0.020304809803956558,0.013900736845535883,validation
2020-03-30,1.1018,-0.010217202546654855,-0.033462755,0.03031663,-0.020304809803956558,0.013900736845535883,validation
2020-03-31,1.1016,-0.004093333590999823,-0.033464458,0.030717932,-0.020304809803956558,0.013900736845535883,validation
2020-04-01,1.0934,-0.002289063857187773,-0.033534143,0.031021394,-0.020304809803956558,0.013900736845535883,validation
2020-04-02,1.0862,-0.0020274636011533564,-0.035626326,0.03348118,-0.020304809803956558,0.013927138194679422,validation
2020-04-03,1.0797,0.007933620948921208,-0.036361724,0.03580991,-0.020304809803956558,0.013927138194679422,validation
2020-04-06,1.0808,0.006088018065831133,-0.035557557,0.03312855,-0.020304809803956558,0.013927138194679422,validation
2020-04-07,1.0886,-0.002943884370795291,-0.03426466,0.030970627,-0.020304809803956558,0.013927138194679422,validation
2020-04-08,1.0864,-0.0032268501700979946,-0.034280624,0.031240076,-0.020304809803956558,0.013927138194679422,validation
2020-04-09,1.0931,-0.010668729906676375,-0.034206666,0.030410854,-0.020304809803956558,0.013927138194679422,validation
2020-04-10,1.0951,-0.014069844497526754,-0.034897473,0.03031758,-0.020304809803956558,0.013927138194679422,validation
2020-04-13,1.0906,-0.007085375857627488,-0.034613036,0.030341042,-0.020304809803956558,0.013927138194679422,validation
2020-04-14,1.0971,-0.012381503612505243,-0.034851782,0.030187579,-0.020304809803956558,0.013927138194679422,validation
2020-04-15,1.0909,-0.005146597151741858,-0.03339982,0.03057298,-0.020304809803956558,0.013927138194679422,validation
2020-04-16,1.084,0.008634204461307235,-0.03475243,0.032165736,-0.020304809803956558,0.013927138194679422,validation
2020-04-17,1.0883,0.010511499371698416,-0.033848774,0.032090437,-0.020304809803956558,0.013927138194679422,validation
2020-04-20,1.0874,0.0033968359492327904,-0.034440037,0.03196403,-0.020304809803956558,0.013927138194679422,validation
2020-04-21,1.0854,-0.0009217440047938896,-0.036086358,0.030798739,-0.020304809803956558,0.013927138194679422,validation
2020-04-22,1.0829,-0.0021261852243683182,-0.036328275,0.031009676,-0.020304809803956558,0.013927138194679422,validation
2020-04-23,1.0815,0.0,-0.034956638,0.030072708,-0.020304809803956558,0.013927138194679422,validation
2020-04-24,1.0798,0.005172743845117692,-0.035444383,0.034326453,-0.020304809803956558,0.013927138194679422,validation
2020-04-27,1.0829,-0.0010163071970070436,-0.035102427,0.029981477,-0.020304809803956558,0.013927138194679422,validation
2020-04-28,1.0836,0.0025806465934917616,-0.034575738,0.030761568,-0.020304809803956558,0.013927138194679422,validation
2020-04-29,1.0853,-0.0014753345230195808,-0.03411369,0.032632817,-0.020304809803956558,0.013927138194679422,validation
2020-04-30,1.0934,-0.012331066342633382,-0.032788064,0.030343655,-0.020304809803956558,0.013927138194679422,validation
2020-05-01,1.0998,-0.01668691878501488,-0.032077786,0.03654417,-0.019968454820649576,0.013927138194679422,validation
2020-05-04,1.0911,-0.0006417602787301135,-0.033209868,0.035801962,-0.019663158577037987,0.013927138194679422,validation
2020-05-05,1.0844,0.008539604716669508,-0.033156507,0.034432735,-0.01948733335095859,0.013927138194679422,validation
2020-05-06,1.0806,0.015973900659510626,-0.03553499,0.034129113,-0.019187591666265075,0.013927138194679422,validation
2020-05-07,1.0815,0.012679331936587449,-0.034559045,0.03449027,-0.018461140074692902,0.013927138194679422,validation
2020-05-08,1.0854,0.0036785033202696438,-0.0345571,0.03446034,-0.018367757533438573,0.013927138194679422,validation
2020-05-11,1.0818,0.01395286083790355,-0.035083316,0.034309946,-0.01819748578242676,0.013927138194679422,validation
2020-05-12,1.0864,0.009618541612856718,-0.034167077,0.033850178,-0.01812035231285962,0.013927138194679422,validation
2020-05-13,1.0837,0.021182203462628668,-0.034296762,0.033923294,-0.01812035231285962,0.013927138194679422,validation
2020-05-14,1.08,0.0280294060548089,-0.03454272,0.033591267,-0.01812035231285962,0.013927138194679422,validation
2020-05-15,1.0816,0.027988517309284117,-0.035354223,0.033859417,-0.01812035231285962,0.013927138194679422,validation
2020-05-18,1.0904,0.023743752493937217,-0.033182103,0.033614367,-0.01812035231285962,0.013927138194679422,validation
2020-05-19,1.0937,0.027860973516921378,-0.03190104,0.03455504,-0.01812035231285962,0.013927138194679422,validation
2020-05-20,1.098,0.03067229953308359,-0.03195434,0.035725087,-0.01812035231285962,0.014021586470420833,validation
2020-05-21,1.0953,0.030923812403182205,-0.031952977,0.035995282,-0.01812035231285962,0.014021586470420833,validation
2020-05-22,1.0894,0.03597088578005053,-0.031988334,0.034823,-0.01812035231285962,0.014021586470420833,validation
2020-05-26,1.097,0.033877242659466095,-0.034220964,0.031517744,-0.01812035231285962,0.014021586470420833,validation
2020-05-27,1.0969,0.0345850631283247,-0.034419067,0.03276735,-0.01812035231285962,0.014021586470420833,validation
2020-05-28,1.1069,0.027533257924968677,-0.033201832,0.037380926,-0.01812035231285962,0.01433477793521667,validation
2020-05-29,1.1107,0.013059219582876966,-0.033228125,0.0371738,-0.017770185993805462,0.014476516034943598,validation
2020-06-01,1.1123,0.013129291441792645,-0.03439116,0.031623993,-0.01703895536378455,0.014826527230655036,validation
2020-06-02,1.1166,0.008294361932824637,-0.031804744,0.032102067,-0.016866036101235368,0.015130035865374298,validation
2020-06-03,1.1246,-0.0024037403071824615,-0.03194605,0.031900313,-0.016866036101235368,0.01531767352626919,validation
2020-06-04,1.1322,-0.009406405322234038,-0.03194605,0.030678267,-0.016866036101235368,0.015331843457350995,validation
2020-06-05,1.1297,-0.009606050919207534,-0.031240111,0.02868601,-0.016866036101235368,0.015464231117794474,validation
2020-06-08,1.1293,-0.002926442029988957,-0.031240111,0.029011192,-0.016866036101235368,0.015527672242142574,validation
2020-06-09,1.1348,-0.0022937813321367018,-0.03129341,0.028431492,-0.016866036101235368,0.01598138251141839,validation
2020-06-10,1.1355,-0.007336400961142686,-0.031118663,0.028418763,-0.016866036101235368,0.016125863172053938,validation
2020-06-11,1.1378,-0.013894643645726304,-0.031010365,0.027480964,-0.016866036101235368,0.01634316078709229,validation
2020-06-12,1.1253,-0.0033825917956883528,-0.032760996,0.02853335,-0.016866036101235368,0.01634316078709229,validation
2020-06-15,1.127,-0.002932423125919695,-0.032335825,0.02832692,-0.016866036101235368,0.016125863172053938,validation
2020-06-16,1.1259,-0.0019559038952281366,-0.033363283,0.029033795,-0.016866036101235368,0.016125863172053938,validation
2020-06-17,1.1219,0.003559039258165836,-0.033461478,0.02878084,-0.016866036101235368,0.016125863172053938,validation
2020-06-18,1.1216,0.001870574633531033,-0.033811845,0.028950687,-0.016866036101235368,0.016125863172053938,validation
2020-06-19,1.1189,0.010490850127523987,-0.024384359,0.02877804,-0.016866036101235368,0.016125863172053938,validation
2020-06-22,1.126,0.003457603515564886,-0.025425961,0.027967425,-0.016866036101235368,0.016125863172053938,validation
2020-06-23,1.1322,0.0006180742768833042,-0.025343731,0.02839819,-0.016866036101235368,0.016125863172053938,validation
2020-06-24,1.1272,0.0023039443066912163,-0.025469918,0.028379139,-0.016774939755211844,0.016125863172053938,validation
2020-06-25,1.1221,0.008607356037602723,-0.023427697,0.026634997,-0.016774939755211844,0.016125863172053938,validation
2020-06-26,1.1215,0.013198296019769976,-0.02124729,0.025889989,-0.016774939755211844,0.016125863172053938,validation
2020-06-29,1.1237,0.014927627808581923,-0.021555107,0.02562579,-0.016774939755211844,0.016125863172053938,validation
2020-06-30,1.1237,0.014927627808581923,-0.021945938,0.02695799,-0.01669354331041218,0.016125863172053938,validation
2020-07-01,1.1259,0.015336101738839467,-0.021841139,0.025477702,-0.01669354331041218,0.016125863172053938,validation
2020-07-02,1.1237,0.01772924056735914,-0.021564117,0.027781688,-0.01669354331041218,0.016125863172053938,validation
2020-07-06,1.1307,0.011868792893228994,-0.021429285,0.025627557,-0.01669354331041218,0.016125863172053938,validation
2020-07-07,1.1299,0.017197931988035736,-0.021503832,0.025519155,-0.01669354331041218,0.016125863172053938,validation
2020-07-08,1.1329,0.022517970123573774,-0.020712605,0.025493631,-0.01669354331041218,0.016125863172053938,validation
2020-07-09,1.1298,0.02836017475850071,-0.020835984,0.0250606,-0.01669354331041218,0.016125863172053938,validation
2020-07-10,1.1318,0.027623418033923014,-0.020834064,0.025508614,-0.01669354331041218,0.016125863172053938,validation
2020-07-13,1.1364,0.033402776598226436,-0.020463886,0.025135126,-0.01669354331041218,0.016125863172053938,validation
2020-07-14,1.1406,0.028265851707139605,-0.021004671,0.025355047,-0.01669354331041218,0.016125863172053938,validation
2020-07-15,1.1406,0.031414388537838234,-0.021019889,0.026935423,-0.01669354331041218,0.016125863172053938,validation
2020-07-16,1.1433,0.03083261803470347,-0.021084128,0.027934663,-0.01669354331041218,0.016125863172053938,validation
2020-07-17,1.1438,0.0330210569090533,-0.022107026,0.028724698,-0.01669354331041218,0.0162480068545214,validation
2020-07-20,1.1442,0.026562444743830904,-0.020719765,0.028845191,-0.01669354331041218,0.0162480068545214,validation
2020-07-21,1.1495,0.023301858227119443,-0.02192646,0.028050637,-0.01669354331041218,0.017224497417001883,validation
2020-07-22,1.1587,0.026486538750788574,-0.024442563,0.025245963,-0.01669354331041218,0.01782439449993003,validation
2020-07-23,1.1623,0.019848174892160064,-0.023222607,0.025171017,-0.01669354331041218,0.019709813430971074,validation
2020-07-24,1.1635,0.012045765232265387,-0.023237824,0.023666399,-0.01669354331041218,0.021243223489454035,validation
2020-07-27,1.175,0.0005105079665028989,-0.025249751,0.02498832,-0.01669354331041218,0.022408372305358953,validation
2020-07-28,1.1733,0.0026386362502617278,-0.022562355,0.025079627,-0.01669354331041218,0.022579259242091893,validation
2020-07-29,1.177,0.0022065696808444,-0.021925919,0.025063042,-0.01669354331041218,0.023770216687050656,validation
2020-07-30,1.1791,0.0022872643289464922,-0.021955492,0.025051914,-0.01669354331041218,0.02443604743464444,validation
2020-07-31,1.1822,0.0009300360002441332,-0.022496209,0.025178742,-0.01669354331041218,0.02753776593041639,validation
2020-08-03,1.175,0.010076718484200192,-0.022966396,0.026102666,-0.01669354331041218,0.02753776593041639,validation
2020-08-04,1.1766,0.01367456102017306,-0.023344796,0.0258369,-0.01669354331041218,0.02753776593041639,validation
2020-08-05,1.1898,0.0,-0.022103775,0.025951045,-0.01669354331041218,0.02753776593041639,validation
2020-08-06,1.1856,0.0005059448628037255,-0.021684082,0.026894007,-0.01669354331041218,0.02753776593041639,validation
2020-08-07,1.1776,-8.492208403898527e-05,-0.020698871,0.026258048,-0.01669354331041218,0.02753776593041639,validation
2020-08-10,1.1756,0.0039899878902609764,-0.020953517,0.026203988,-0.01669354331041218,0.02753776593041639,validation
2020-08-11,1.1764,0.004579772231734308,-0.020782506,0.026502902,-0.01669354331041218,0.02753776593041639,validation
2020-08-12,1.1796,0.0014401290133530809,-0.021037813,0.02622281,-0.01669354331041218,0.02753776593041639,validation
2020-08-13,1.1818,0.0005075712823630618,-0.021016467,0.026093544,-0.016654930398105665,0.02753776593041639,validation
2020-08-14,1.1833,0.005730191797880924,-0.021284116,0.02827781,-0.016555698421767306,0.02753776593041639,validation
2020-08-17,1.1869,0.006801319303151532,-0.021179097,0.029863598,-0.016270994310385797,0.02753776593041639,validation
2020-08-18,1.1928,0.001759015405179587,-0.021443494,0.028726753,-0.01619606390534372,0.02753776593041639,validation
2020-08-19,1.1898,-0.004886689309854336,-0.021278363,0.026809214,-0.015015204521915331,0.02753776593041639,validation
2020-08-20,1.1862,-0.0025322880080360932,-0.021137703,0.026078666,-0.014906636693117847,0.02753776593041639,validation
2020-08-21,1.1775,0.003814372075470668,-0.023662005,0.025256194,-0.014906636693117847,0.02753776593041639,validation
2020-08-24,1.1803,-0.0011868431369414234,-0.021682553,0.024189359,-0.014906636693117847,0.02753776593041639,validation
2020-08-25,1.1818,-0.0006771627142118375,-0.02182136,0.024464227,-0.014906636693117847,0.02753776593041639,validation
2020-08-26,1.1813,0.005655693968115938,-0.021799233,0.024648665,-0.014906636693117847,0.02753776593041639,validation
2020-08-27,1.1824,0.0005918410656799156,-0.021677574,0.024515953,-0.014906636693117847,0.02753776593041639,validation
2020-08-28,1.1901,-0.002271294351819053,-0.02137328,0.025120568,-0.014906636693117847,0.02753776593041639,validation
2020-08-31,1.195,-0.008741020522746223,-0.021287404,0.02596738,-0.014906636693117847,0.026610985402887748,validation
2020-09-01,1.1949,-0.009586349901669677,-0.02142966,0.027459325,-0.014906636693117847,0.026490334050440687,validation
2020-09-02,1.184,-0.0014368425748833291,-0.020786768,0.02369865,-0.014906636693117847,0.026490334050440687,validation
2020-09-03,1.1832,0.0021106850674347533,-0.021003913,0.024127075,-0.014906636693117847,0.026490334050440687,validation
2020-09-04,1.182,-0.0070467668599652755,-0.0209415,0.023294743,-0.014906636693117847,0.026490334050440687,validation
2020-09-08,1.1789,-0.007321674117361399,-0.021290215,0.023052797,-0.014906636693117847,0.026490334050440687,validation
2020-09-09,1.181,-0.011325535115693175,-0.021017946,0.023977952,-0.014906636693117847,0.026490334050440687,validation
2020-09-10,1.188,-0.018177685603052884,-0.020976322,0.024785195,-0.014906636693117847,0.026490334050440687,validation
2020-09-11,1.1831,-0.01816758570118507,-0.021156803,0.024236908,-0.014906636693117847,0.026490334050440687,validation
2020-09-14,1.1874,-0.018186954926137422,-0.02110967,0.024240203,-0.014906636693117847,0.026490334050440687,validation
2020-09-15,1.1846,-0.010949479168755022,-0.021457756,0.02380954,-0.014906636693117847,0.026490334050440687,validation
2020-09-16,1.1835,-0.009508518876256117,-0.021246875,0.023953069,-0.014906636693117847,0.026490334050440687,validation
2020-09-17,1.1823,-0.006023348009400048,-0.021466484,0.024181876,-0.014906636693117847,0.026490334050440687,validation
2020-09-18,1.1857,-0.012816879606904225,-0.020883061,0.024390195,-0.014906636693117847,0.026490334050440687,validation
2020-09-21,1.1737,0.003996434042342234,-0.021513587,0.023426678,-0.014906636693117847,0.026490334050440687,validation
2020-09-22,1.1703,0.006388165329749923,-0.021585342,0.023462199,-0.014906636693117847,0.026490334050440687,validation
2020-09-23,1.1677,0.007592921348686499,-0.022101363,0.02357217,-0.014906636693117847,0.026490334050440687,validation
2020-09-24,1.1666,0.007429898819271141,-0.0223649,0.023742521,-0.015015204521915331,0.026490334050440687,validation
2020-09-25,1.1618,0.017152786459762787,-0.02233463,0.024254348,-0.016210778115147657,0.026490334050440687,validation
2020-09-28,1.166,0.006582064195640558,-0.022517737,0.02386885,-0.016555698421767306,0.026490334050440687,validation
2020-09-29,1.1717,0.003237903306014339,-0.02161627,0.023841472,-0.016555698421767306,0.026490334050440687,validation
2020-09-30,1.1723,-0.001878415852870352,-0.02156928,0.024193846,-0.016555698421767306,0.026490334050440687,validation
2020-10-01,1.1752,-0.002982660185557706,-0.0209085,0.023109902,-0.016555698421767306,0.026490334050440687,validation
2020-10-02,1.1706,0.006980534006419126,-0.021220632,0.023837624,-0.016555698421767306,0.026490334050440687,validation
2020-10-05,1.1784,0.003388685045516815,-0.020691862,0.02422964,-0.016555698421767306,0.026490334050440687,validation
2020-10-06,1.1778,0.007780824099197725,-0.02041301,0.02512997,-0.016555698421767306,0.026490334050440687,validation
2020-10-07,1.1766,0.0049173477635815754,-0.020376021,0.024912512,-0.016210778115147657,0.026490334050440687,validation
2020-10-08,1.1753,0.007712883088627692,-0.020383378,0.024936331,-0.015015204521915331,0.026490334050440687,validation
2020-10-09,1.1819,-0.0002538608010248522,-0.02157769,0.024896797,-0.014906636693117847,0.026490334050440687,validation
2020-10-13,1.1737,0.008230499136515523,-0.0208752,0.024362668,-0.0148953138256092,0.026490334050440687,validation
2020-10-14,1.1755,-0.00034033864022883775,-0.020878203,0.024473114,-0.014236891726087756,0.026490334050440687,validation
2020-10-15,1.1701,-0.0036816686134628074,-0.0208752,0.024003755,-0.014236891726087756,0.026490334050440687,validation
2020-10-16,1.1717,-0.005992142565503622,-0.020971788,0.023461487,-0.014236891726087756,0.026490334050440687,validation
2020-10-19,1.1788,-0.013150219386878603,-0.020659648,0.02542411,-0.014236891726087756,0.026490334050440687,validation
2020-10-20,1.1824,-0.008493341357199785,-0.020144053,0.025516236,-0.014236891726087756,0.026490334050440687,validation
2020-10-21,1.187,-0.011864545956192574,-0.02014098,0.026253019,-0.014236891726087756,0.026490334050440687,validation
2020-10-22,1.1824,-0.001269411586701269,-0.02054965,0.026415015,-0.014236891726087756,0.026490334050440687,validation
2020-10-23,1.1844,0.003539826705124205,-0.020646948,0.025674094,-0.014236891726087756,0.026490334050440687,validation
2020-10-26,1.1816,-0.0004232445993684608,-0.020510748,0.026365926,-0.014236891726087756,0.026490334050440687,validation
2020-10-27,1.1834,-0.0020301140452313737,-0.020670725,0.025634196,-0.014236891726087756,0.026490334050440687,validation
2020-10-28,1.1751,0.0053469255332395105,-0.021370552,0.02419181,-0.014177210756074088,0.026490334050440687,validation
2020-10-29,1.1658,0.014138724582487883,-0.021261057,0.023520978,-0.014075146884799107,0.026490334050440687,validation
2020-10-30,1.1647,0.01677277411882991,-0.021655843,0.02410769,-0.013903403688316326,0.026490334050440687,validation
2020-11-02,1.1634,0.019408167927965042,-0.022024976,0.023870513,-0.013385276226407552,0.026490334050440687,validation
2020-11-03,1.1724,0.012291936225722111,-0.021237595,0.023701262,-0.013160631788277895,0.026490334050440687,validation
2020-11-04,1.173,0.009587313073973786,-0.02157541,0.02397704,-0.013160631788277895,0.026490334050440687,validation
2020-11-05,1.1809,0.004056457856788848,-0.023724677,0.024593385,-0.013160631788277895,0.026490334050440687,validation
2020-11-06,1.1886,-0.00506073954583075,-0.024128815,0.025858717,-0.013160631788277895,0.026490334050440687,validation
2020-11-09,1.1811,0.005319835218773494,-0.023025267,0.024588771,-0.013160631788277895,0.026490334050440687,validation
2020-11-10,1.181,0.008263812944259041,-0.023585804,0.025910772,-0.013160631788277895,0.026490334050440687,validation
2020-11-12,1.1814,0.011278631468819938,-0.023585804,0.025206255,-0.013160631788277895,0.026490334050440687,validation
2020-11-13,1.1824,0.018020015747043483,-0.020956451,0.025874928,-0.013160631788277895,0.026490334050440687,validation
2020-11-16,1.1844,0.0208053625637937,-0.022814212,0.026741832,-0.013160631788277895,0.026490334050440687,validation
2020-11-17,1.1862,0.024153751876936996,-0.02543104,0.02878784,-0.013160631788277895,0.026490334050440687,validation
2020-11-18,1.1869,0.02274055763387406,-0.02160822,0.029501544,-0.013160631788277895,0.026490334050440687,validation
2020-11-19,1.1843,0.024604051674305488,-0.021384966,0.028323958,-0.013160631788277895,0.026490334050440687,validation
2020-11-20,1.1857,0.021195720062980067,-0.020993343,0.028538125,-0.013160631788277895,0.026490334050440687,validation
2020-11-23,1.1826,0.021250695108030626,-0.021335527,0.025426757,-0.013160631788277895,0.026490334050440687,validation
2020-11-24,1.1874,0.020340814674313618,-0.021253362,0.025733875,-0.013160631788277895,0.026490334050440687,validation
2020-11-25,1.1908,0.016986253541562996,-0.021325117,0.025779294,-0.013160631788277895,0.026490334050440687,validation
2020-11-30,1.1948,0.01635366210027231,-0.020627875,0.026513964,-0.013160631788277895,0.026490334050440687,validation
2020-12-01,1.2039,0.009836009373641402,-0.021816218,0.025203444,-0.013160631788277895,0.026490334050440687,validation
2020-12-02,1.2093,0.006757896165515032,-0.025408374,0.027641786,-0.013160631788277895,0.026490334050440687,validation
2020-12-03,1.2152,0.00868501977006822,-0.025247099,0.02751278,-0.013160631788277895,0.026490334050440687,validation
2020-12-04,1.2142,0.007711909580414789,-0.023791129,0.02567634,-0.013160631788277895,0.026490334050440687,validation
2020-12-07,1.2138,0.007550922285417649,-0.024496283,0.026030108,-0.013160631788277895,0.026490334050440687,validation
2020-12-08,1.2111,0.005024101495811173,-0.02537907,0.026847985,-0.013160631788277895,0.026490334050440687,validation
2020-12-09,1.208,0.009392834978955544,-0.025379239,0.02589807,-0.013160631788277895,0.026490334050440687,validation
2020-12-10,1.2118,0.007809007666154222,-0.024370098,0.02620721,-0.013160631788277895,0.026490334050440687,validation
2020-12-11,1.2112,0.011492492275435862,-0.021811862,0.02739143,-0.013160631788277895,0.026490334050440687,validation
2020-12-14,1.2145,0.011054360264860646,-0.021482125,0.025792982,-0.013160631788277895,0.026490334050440687,validation
2020-12-15,1.2158,0.005904560372550299,-0.020327244,0.026115114,-0.013160631788277895,0.026490334050440687,validation
2020-12-16,1.2175,0.006467745334809372,-0.020530581,0.027697308,-0.013160631788277895,0.026490334050440687,validation
2020-12-17,1.2258,0.003013890604615904,-0.020602643,0.025369512,-0.013160631788277895,0.026490334050440687,validation
2020-12-18,1.2236,0.00440349728928649,-0.020119166,0.025913583,-0.013160631788277895,0.026490334050440687,validation
2020-12-21,1.223,0.0028577280113715187,-0.020119166,0.026215466,-0.013160631788277895,0.026490334050440687,validation
2020-12-22,1.2172,0.006550956935804181,-0.019821685,0.026464347,-0.013160631788277895,0.026490334050440687,validation
2020-12-23,1.2194,-0.002052293130961308,-0.019889321,0.025892224,-0.013160631788277895,0.026490334050440687,validation
2020-12-28,1.2213,-0.003691403231959711,-0.020147549,0.0271738,-0.013160631788277895,0.026490334050440687,validation
2020-12-29,1.2252,-0.007619552656247697,-0.02008086,0.026091298,-0.013160631788277895,0.026490334050440687,validation
2020-12-30,1.228,-0.01014904766444974,-0.020133236,0.026068337,-0.013160631788277895,0.026490334050440687,validation
2020-12-31,1.223,-0.010769145139740283,-0.020219762,0.025934568,-0.013160631788277895,0.026490334050440687,validation
2021-01-04,1.2254,-0.010500506653923991,-0.02023498,0.025372455,-0.013160631788277895,0.026490334050440687,validation
2021-01-05,1.2295,-0.012439803596474064,-0.020170225,0.024602901,-0.013160631788277895,0.026490334050440687,validation
2021-01-06,1.229,-0.00907276647297009,-0.020148454,0.025787361,-0.013160631788277895,0.026490334050440687,validation
2021-01-07,1.2265,-0.010408650296789168,-0.020285934,0.026094245,-0.013160631788277895,0.026490334050440687,validation
2021-01-08,1.2252,-0.008606963252395183,-0.020364976,0.025939373,-0.013160631788277895,0.026490334050440687,validation
2021-01-11,1.2169,-0.005603640538747678,-0.020971216,0.023775054,-0.013160631788277895,0.026490334050440687,validation
2021-01-12,1.2168,-0.0037875714278985673,-0.020912465,0.024103433,-0.013160631788277895,0.026490334050440687,validation
2021-01-13,1.2159,-0.0019757971357164394,-0.020996887,0.023223208,-0.013160631788277895,0.026490334050440687,validation
2021-01-14,1.2156,-0.007099839945106462,-0.021108791,0.023482729,-0.013160631788277895,0.026490334050440687,validation
2021-01-15,1.2099,-0.006550875452279281,-0.021201953,0.022850838,-0.013160631788277895,0.026490334050440687,validation
2021-01-19,1.2126,-0.008364091657714096,-0.02105361,0.022523593,-0.013160631788277895,0.026490334050440687,validation
2021-01-21,1.2143,-0.01401523956852152,-0.021209024,0.023654897,-0.013160631788277895,0.026490334050440687,validation
2021-01-22,1.2179,-0.011894085869938148,-0.020958962,0.023752872,-0.013160631788277895,0.026490334050440687,validation
2021-01-25,1.2138,-0.0076913913468288075,-0.020953562,0.023657365,-0.013160631788277895,0.026490334050440687,validation
2021-01-26,1.2147,-0.0033810282486382848,-0.021003991,0.023925098,-0.013160631788277895,0.026490334050440687,validation
2021-01-27,1.2101,0.0025584960104193255,-0.020955008,0.023609186,-0.013160631788277895,0.026490334050440687,validation
2021-01-28,1.2122,0.0004123881455614098,-0.020885803,0.023310876,-0.013160631788277895,0.026490334050440687,validation
2021-01-29,1.2135,-0.0007419315290258521,-0.02086209,0.023980035,-0.013160631788277895,0.026490334050440687,validation
2021-02-01,1.207,0.003060762616163143,-0.02123312,0.023899265,-0.013160631788277895,0.026490334050440687,validation
2021-02-02,1.202,0.0018286099351945417,-0.021628315,0.022348884,-0.013160631788277895,0.026490334050440687,validation
2021-02-03,1.2025,0.004397799893884641,-0.021685004,0.022549335,-0.013160631788277895,0.026490334050440687,validation
2021-02-04,1.1974,0.0134386095430708,-0.022453938,0.02285777,-0.013385276226407552,0.026490334050440687,validation
2021-02-05,1.2035,0.009921536533051417,-0.021564534,0.022448255,-0.013385276226407552,0.026490334050440687,validation
2021-02-08,1.2045,0.008020880641407657,-0.021196822,0.022570848,-0.013385276226407552,0.026490334050440687,validation
2021-02-09,1.2106,0.003051674602186444,-0.020592824,0.02428879,-0.013385276226407552,0.026490334050440687,validation
2021-02-10,1.2132,0.007963590380898167,-0.020381967,0.02541806,-0.013385276226407552,0.026490334050440687,validation
2021-02-11,1.2127,-0.002807598871516187,-0.020575304,0.025355091,-0.013385276226407552,0.026490334050440687,validation
2021-02-12,1.2126,-0.0059553525886864855,-0.020654345,0.02665479,-0.013160631788277895,0.026490334050440687,validation
2021-02-16,1.2107,-0.0023153901024620116,-0.020720063,0.024963066,-0.013160631788277895,0.026490334050440687,validation
2021-02-17,1.2042,0.0025710153079943343,-0.021144921,0.023299878,-0.013160631788277895,0.026490334050440687,validation
2021-02-18,1.2078,-0.0027359798188748286,-0.020777298,0.023002485,-0.012860362900100617,0.026490334050440687,validation
2021-02-19,1.2136,-0.01846206283973542,-0.020277822,0.026337085,-0.012818290991335681,0.026490334050440687,validation
2021-02-22,1.2155,-0.02549713193348374,-0.020254523,0.02517046,-0.012818290991335681,0.026490334050440687,validation
2021-02-23,1.2142,-0.021393415896085094,-0.020254523,0.025961086,-0.012818290991335681,0.026490334050440687,validation
2021-02-24,1.2143,-0.020214471954198177,-0.020615827,0.027377266,-0.012818290991335681,0.026490334050440687,validation
2021-02-25,1.2229,-0.02073854636496225,-0.020796798,0.026719227,-0.012818290991335681,0.026490334050440687,validation
2021-02-26,1.2093,-0.011728144412676944,-0.020674696,0.025000183,-0.012818290991335681,0.026490334050440687,validation
2021-03-15,1.1917,-0.0116476671320217,-0.023357416,0.023906115,-0.014017969814971783,0.026490334050440687,test
2021-03-16,1.1895,-0.01448012090627493,-0.023420675,0.023898482,-0.014076465397899378,0.026490334050440687,test
2021-03-17,1.1905,-0.013701161555881997,-0.023404963,0.024035811,-0.014076465397899378,0.026490334050440687,test
2021-03-18,1.1926,-0.012997060329687865,-0.02371867,0.024159288,-0.014076465397899378,0.026490334050440687,test
2021-03-19,1.1909,-0.012335404807554629,-0.02351366,0.025029104,-0.014076465397899378,0.026490334050440687,test
2021-03-22,1.1932,-0.010277236443231141,-0.023527652,0.026543764,-0.014076465397899378,0.026490334050440687,test
2021-03-23,1.1872,-0.001686056713705808,-0.023149857,0.024050072,-0.014076465397899378,0.026490334050440687,test
2021-03-24,1.1831,0.004974505431164733,-0.023549668,0.02402366,-0.014076465397899378,0.026490334050440687,test
2021-03-25,1.1777,0.010726001231324583,-0.023289802,0.023734799,-0.014236891726087756,0.026490334050440687,test
2021-03-26,1.1798,0.008356241913505452,-0.021803211,0.023531264,-0.014236891726087756,0.026490334050440687,test
2021-03-29,1.1779,0.010808177492390686,-0.021928344,0.024090616,-0.014236891726087756,0.026490334050440687,test
2021-03-30,1.1724,0.018172329514605123,-0.023356823,0.023905618,-0.014500857207318668,0.026490334050440687,test
2021-03-31,1.1743,0.019480314120216308,-0.023342088,0.023693094,-0.014500857207318668,0.026490334050440687,test
2021-04-01,1.1772,0.01617831039647516,-0.021898659,0.023916826,-0.014500857207318668,0.026490334050440687,test
2021-04-02,1.1763,0.018279580708999044,-0.021374159,0.022769354,-0.014500857207318668,0.026490334050440687,test
2021-04-05,1.181,0.018290634917011744,-0.020721825,0.022568231,-0.014500857207318668,0.026490334050440687,test
2021-04-06,1.1852,0.016153006355515753,-0.020700721,0.025571015,-0.014500857207318668,0.026490334050440687,test
2021-04-07,1.189,0.011955164753335024,-0.02052615,0.026109612,-0.014500857207318668,0.026490334050440687,test
2021-04-08,1.1904,0.00903167203034791,-0.020541368,0.025184441,-0.014500857207318668,0.026490334050440687,test
2021-04-09,1.1897,0.014353914141371993,-0.020541368,0.027020438,-0.014500857207318668,0.026490334050440687,test
2021-04-12,1.1907,0.014673043576133,-0.020568313,0.026452186,-0.014500857207318668,0.026490334050440687,test
2021-04-13,1.1939,0.01165805525989011,-0.021712901,0.02676678,-0.014500857207318668,0.026490334050440687,test
2021-04-14,1.1974,0.010302517181562165,-0.024188524,0.027213141,-0.014500857207318668,0.026490334050440687,test
2021-04-15,1.1964,0.012129416797299425,-0.021595461,0.027639788,-0.014500857207318668,0.026490334050440687,test
2021-04-16,1.198,0.004164937299284327,-0.021728119,0.0270567,-0.014500857207318668,0.026490334050440687,test
2021-04-19,1.2028,0.002574003995172741,-0.021660525,0.027511973,-0.014500857207318668,0.026490334050440687,test
2021-04-20,1.2045,-0.002576999638864902,-0.021580074,0.027703712,-0.014500857207318668,0.026490334050440687,test
2021-04-21,1.2033,-0.0024962569128179346,-0.0202685,0.024089947,-0.014500857207318668,0.026490334050440687,test
2021-04-22,1.2012,0.0030755188200555783,-0.020213638,0.024071867,-0.014500857207318668,0.026490334050440687,test
2021-04-23,1.2069,0.007922794599724947,-0.020537458,0.023624616,-0.014500857207318668,0.026490334050440687,test
2021-04-26,1.2083,0.007174400954264776,-0.020515688,0.023854196,-0.014500857207318668,0.026490334050440687,test
2021-04-27,1.2079,0.007423326731521768,-0.02004366,0.024419973,-0.014500857207318668,0.026490334050440687,test
2021-04-28,1.2098,-0.0019857693104880503,-0.020080648,0.02514369,-0.014500857207318668,0.026490334050440687,test
2021-04-29,1.211,-0.003308522455560764,-0.020299094,0.027726667,-0.014500857207318668,0.026490334050440687,test
2021-04-30,1.203,0.0091846245752506,-0.020252416,0.024282131,-0.014500857207318668,0.026490334050440687,test
2021-05-03,1.2059,0.007929338646631257,-0.020136543,0.02590146,-0.014500857207318668,0.026490334050440687,test
2021-05-04,1.2014,0.015609186721732726,-0.020228688,0.023209644,-0.014500857207318668,0.026490334050440687,test
2021-05-05,1.2003,0.01758994937312372,-0.020551102,0.021781752,-0.014500857207318668,0.026490334050440687,test
2021-05-06,1.2049,0.014501366419796213,-0.020033108,0.026164033,-0.014500857207318668,0.026490334050440687,test
2021-05-07,1.2165,0.0010680689508964503,-0.020139722,0.025077913,-0.014500857207318668,0.026490334050440687,test
2021-05-10,1.217,0.0032813811231775236,-0.019940168,0.025801301,-0.014500857207318668,0.026490334050440687,test
2021-05-11,1.2169,0.005245483710116267,-0.019940168,0.02642306,-0.014500857207318668,0.026490334050440687,test
2021-05-12,1.2074,0.01070938648018871,-0.020466805,0.024656134,-0.014500857207318668,0.026490334050440687,test
2021-05-13,1.207,0.010220992376184207,-0.020445034,0.024879962,-0.014500857207318668,0.026490334050440687,test
2021-05-14,1.2141,0.004355872923786225,-0.020538326,0.026644345,-0.014500857207318668,0.026490334050440687,test
2021-05-17,1.2155,0.007050365325288688,-0.02045974,0.026529036,-0.014500857207318668,0.026490334050440687,test
2021-05-18,1.2203,0.0008191350392491026,-0.020763293,0.02625752,-0.014500857207318668,0.026490334050440687,test
2021-05-19,1.2216,-0.0077245843872380815,-0.02203896,0.026249176,-0.014500857207318668,0.026490334050440687,test
2021-05-20,1.2225,-0.0042626509334763585,-0.020991806,0.026644591,-0.014500857207318668,0.026490334050440687,test
2021-05-21,1.2178,0.001804906552828528,-0.02052601,0.028505906,-0.014500857207318668,0.026490334050440687,test
2021-05-24,1.221,-0.00246002584086244,-0.020478003,0.028139725,-0.014500857207318668,0.026490334050440687,test
2021-05-25,1.2233,-0.004013602471918731,-0.020403748,0.028563369,-0.014500857207318668,0.026490334050440687,test
2021-05-26,1.2204,-0.002543382426963836,-0.020478003,0.028681781,-0.014500857207318668,0.026490334050440687,test
2021-05-27,1.2194,-0.007655933669708986,-0.020541228,0.028810203,-0.014500857207318668,0.026490334050440687,test
2021-05-28,1.2194,-0.005592119836085513,-0.020793887,0.03008533,-0.014500857207318668,0.026490334050440687,test
2021-06-01,1.2241,-0.009933992452207024,-0.020473698,0.027508238,-0.014500857207318668,0.026490334050440687,test
2021-06-02,1.2213,-0.007726489202601189,-0.020512216,0.027778128,-0.014500857207318668,0.026490334050440687,test
2021-06-03,1.2122,-0.017559640630329332,-0.021057094,0.025882103,-0.014500857207318668,0.026490334050440687,test
2021-06-04,1.2173,-0.02503769800243466,-0.02068794,0.024568042,-0.014500857207318668,0.026490334050440687,test
2021-06-07,1.22,-0.02414153495335203,-0.0204378,0.02581673,-0.014500857207318668,0.026490334050440687,test
2021-06-08,1.218,-0.022416878914542165,-0.020547241,0.023310753,-0.014500857207318668,0.026490334050440687,test
2021-06-09,1.2184,-0.019392337215340893,-0.02048862,0.023570359,-0.014500857207318668,0.026490334050440687,test
2021-06-10,1.2173,-0.020415646830927253,-0.020812936,0.024425376,-0.014500857207318668,0.026490334050440687,test
2021-06-11,1.2101,-0.013393985851459428,-0.021082409,0.024284864,-0.014500857207318668,0.026490334050440687,test
2021-06-14,1.2126,-0.015625317903080777,-0.020962369,0.023637047,-0.014500857207318668,0.026490334050440687,test
2021-06-15,1.212,-0.017898500702342363,-0.021062613,0.023800252,-0.014500857207318668,0.026490334050440687,test
2021-06-16,1.2119,-0.02261539202085261,-0.021244561,0.023570403,-0.014500857207318668,0.026490334050440687,test
2021-06-17,1.1911,-0.004543932422830466,-0.02305072,0.0246321,-0.014917617774203262,0.026490334050440687,test
2021-06-18,1.1872,-0.002023609459526926,-0.023609098,0.024213843,-0.015392395406404793,0.026490334050440687,test
2021-06-21,1.1909,-0.007839871556780176,-0.023116661,0.023863811,-0.01621759583956537,0.026490334050440687,test
2021-06-22,1.191,-0.009024646920276908,-0.023390416,0.025269493,-0.01669354331041218,0.026490334050440687,test
2021-06-23,1.195,-0.009247648921660162,-0.023116661,0.023878597,-0.016824596677455818,0.026490334050440687,test
2021-06-24,1.1927,-0.005549030549393402,-0.02381519,0.024023985,-0.016954981165232762,0.026490334050440687,test
2021-06-25,1.194,-0.006891362679280061,-0.023802375,0.024386218,-0.016954981165232762,0.026490334050440687,test
2021-06-28,1.1938,-0.010525969780075223,-0.024056185,0.026916938,-0.016954981165232762,0.026490334050440687,test
2021-06-29,1.1905,-0.00665798254018779,-0.02416127,0.023913626,-0.01757658363392998,0.026490334050440687,test
2021-06-30,1.1848,-0.0035512001470000276,-0.024288964,0.024158126,-0.0179119549522845,0.026490334050440687,test
2021-07-01,1.1857,-0.003971780266662478,-0.023466537,0.023939433,-0.0179119549522845,0.026490334050440687,test
2021-07-02,1.1848,-0.003720619884804849,-0.022676123,0.024332432,-0.0179119549522845,0.026490334050440687,test
2021-07-06,1.1816,-0.0033909832425582376,-0.023497727,0.0240081,-0.0179119549522845,0.026490334050440687,test
2021-07-07,1.1803,-0.00033895432914973767,-0.023680128,0.024231983,-0.0179119549522845,0.026490334050440687,test
2021-07-08,1.184,-0.00584475002551596,-0.023339693,0.023855451,-0.0179119549522845,0.026490334050440687,test
2021-07-09,1.1861,-0.008466734178239205,-0.021955544,0.023812689,-0.0179119549522845,0.026490334050440687,test
2021-07-12,1.1858,-0.004056115075904948,-0.022052823,0.024479399,-0.0179119549522845,0.026490334050440687,test
2021-07-13,1.1813,0.001522585305142904,-0.02239569,0.023757966,-0.0179119549522845,0.026490334050440687,test
2021-07-14,1.1826,-0.0014385447794936224,-0.02216553,0.023828326,-0.0179119549522845,0.026490334050440687,test
2021-07-15,1.1806,0.006753360125971275,-0.021872548,0.024013205,-0.0179119549522845,0.026490334050440687,test
2021-07-16,1.181,0.004561974626359905,-0.021321874,0.021976829,-0.0179119549522845,0.026490334050440687,test
2021-07-19,1.1804,0.005828457602962328,-0.021321874,0.021956643,-0.0179119549522845,0.026490334050440687,test
2021-07-20,1.1776,0.007023510996137711,-0.021244444,0.022118762,-0.0179119549522845,0.026490334050440687,test
2021-07-21,1.1799,0.003553303231037558,-0.021128727,0.02175033,-0.0179119549522845,0.026490334050440687,test
2021-07-22,1.1771,0.005675816838189657,-0.021467041,0.021879626,-0.0179119549522845,0.026490334050440687,test
2021-07-23,1.1761,0.0,-0.021527927,0.022046225,-0.0179119549522845,0.026490334050440687,test
2021-07-26,1.181,-0.005178499623835375,-0.02102959,0.019726742,-0.0179119549522845,0.026490334050440687,test
2021-07-27,1.1831,-0.00925578721728837,-0.020853525,0.019647691,-0.0179119549522845,0.026490334050440687,test
2021-07-28,1.1809,-0.00611570750115778,-0.020853525,0.020040855,-0.0179119549522845,0.026490334050440687,test
2021-07-29,1.1886,-0.012700196103788391,-0.020607915,0.021839213,-0.0179119549522845,0.026490334050440687,test
2021-07-30,1.1864,-0.005748113882601075,-0.020644762,0.021092579,-0.0179119549522845,0.026490334050440687,test
2021-08-02,1.1873,-0.008203352697134791,-0.020518502,0.02132852,-0.0179119549522845,0.026490334050440687,test
2021-08-03,1.1859,-0.012302365315067593,-0.020446302,0.02177244,-0.0179119549522845,0.026490334050440687,test
2021-08-04,1.1841,-0.01180831798277543,-0.020818314,0.02197308,-0.0179119549522845,0.026490334050440687,test
2021-08-05,1.1838,-0.012324324110351836,-0.021157537,0.025416326,-0.0179119549522845,0.026490334050440687,test
2021-08-06,1.1761,-0.006055197384922384,-0.021040628,0.022960199,-0.0179119549522845,0.026490334050440687,test
2021-08-09,1.1749,-0.0014479794702309812,-0.020946665,0.022538194,-0.0179119549522845,0.026490334050440687,test
2021-08-10,1.1722,0.0020453390460903886,-0.021122968,0.022704516,-0.0179119549522845,0.026490334050440687,test
2021-08-11,1.1737,0.0017876148620763477,-0.021072559,0.022414517,-0.0179119549522845,0.026490334050440687,test
2021-08-12,1.1736,0.0021279320282188707,-0.021256177,0.02379571,-0.0179119549522845,0.026490334050440687,test
2021-08-13,1.1796,-0.00016956337471740746,-0.02092273,0.024068847,-0.0179119549522845,0.026490334050440687,test
2021-08-16,1.1776,0.0016121508731179457,-0.020937948,0.023778029,-0.0179119549522845,0.026490334050440687,test
2021-08-17,1.1714,0.007314823804028481,-0.02122946,0.02364421,-0.0179119549522845,0.026490334050440687,test
2021-08-18,1.1702,0.012568100215095968,-0.021257631,0.023593767,-0.0179119549522845,0.026490334050440687,test
2021-08-19,1.1693,0.014012373126994493,-0.021257631,0.023613382,-0.0179119549522845,0.026490334050440687,test
2021-08-20,1.169,0.016459182116384058,-0.02132767,0.024635447,-0.0179119549522845,0.026490334050440687,test
2021-08-23,1.1732,0.009923324719398358,-0.020881072,0.02381955,-0.0179119549522845,0.026490334050440687,test
2021-08-24,1.1746,0.006111035823155003,-0.021101782,0.026099846,-0.0179119549522845,0.026490334050440687,test
2021-08-25,1.1758,0.005851193288916728,-0.021128727,0.02684166,-0.0179119549522845,0.026490334050440687,test
2021-08-26,1.1761,0.005088637899340387,-0.021135904,0.023895962,-0.0179119549522845,0.026490334050440687,test
2021-08-27,1.1794,0.0012710250408322077,-0.020782875,0.023098482,-0.0179119549522845,0.026490334050440687,test
2021-08-30,1.1795,0.0024556513462075102,-0.020798093,0.025345547,-0.0179119549522845,0.026490334050440687,test
2021-08-31,1.18,0.000931769158091178,-0.020761104,0.02539797,-0.0179119549522845,0.026490334050440687,test
2021-09-01,1.185,-0.007283846889391737,-0.020514578,0.028211273,-0.0179119549522845,0.026490334050440687,test
2021-09-02,1.1858,-0.010512134781507781,-0.020529795,0.028669003,-0.0179119549522845,0.026490334050440687,test
2021-09-03,1.1884,-0.01312855006099306,-0.021728119,0.027199065,-0.0179119549522845,0.026490334050440687,test
2021-09-07,1.1849,-0.010605452985956887,-0.020270716,0.02536621,-0.0179119549522845,0.026490334050440687,test
2021-09-08,1.1818,-0.006707161027097758,-0.020449676,0.024857206,-0.0179119549522845,0.026490334050440687,test
2021-09-09,1.1827,-0.007809223965993067,-0.020543935,0.024429204,-0.0179119549522845,0.026490334050440687,test
2021-09-10,1.1821,-0.009007538808480875,-0.020556888,0.024266098,-0.0179119549522845,0.026490334050440687,test
2021-09-13,1.1809,-0.009102185253100331,-0.021843188,0.022243878,-0.0179119549522845,0.026490334050440687,test
2021-09-14,1.1824,-0.01216777403228686,-0.021687567,0.023744965,-0.0179119549522845,0.026490334050440687,test
2021-09-15,1.1811,-0.016992254467326717,-0.021738388,0.025497021,-0.0179119549522845,0.026490334050440687,test
2021-09-16,1.1764,-0.016023649468157153,-0.022258814,0.021533147,-0.0179119549522845,0.026490334050440687,test
2021-09-17,1.1734,-0.011657941049419335,-0.022375425,0.019554378,-0.0179119549522845,0.026490334050440687,test
2021-09-20,1.1729,-0.009164553886454319,-0.022548834,0.019414632,-0.0179119549522845,0.026490334050440687,test
2021-09-21,1.1724,-0.009857363492747323,-0.022515513,0.021512542,-0.0179119549522845,0.026490334050440687,test
2021-09-22,1.1739,-0.01657757525764314,-0.022176085,0.018683117,-0.0179119549522845,0.026490334050440687,test
2021-09-23,1.1735,-0.014938464609802304,-0.022190433,0.02123671,-0.0179119549522845,0.026490334050440687,test
2021-09-24,1.1715,-0.012281684845870305,-0.022297528,0.021874327,-0.0179119549522845,0.026490334050440687,test
2021-09-27,1.1702,-0.013853854927776604,-0.022297528,0.021988798,-0.0179119549522845,0.026490334050440687,test
2021-09-28,1.1681,-0.009720924757150085,-0.022515513,0.021139173,-0.0179119549522845,0.026490334050440687,test
2021-09-29,1.1612,-0.001810111255775515,-0.022913935,0.018896185,-0.0179119549522845,0.026490334050440687,test
2021-09-30,1.1577,0.0014673516939497644,-0.023126567,0.021055214,-0.0179119549522845,0.026490334050440687,test
2021-10-01,1.1598,0.0009479899016499593,-0.022827288,0.018439041,-0.0179119549522845,0.026490334050440687,test
2021-10-04,1.1622,0.0008600671382498204,-0.02252639,0.019202126,-0.0179119549522845,0.026490334050440687,test
2021-10-05,1.1609,0.0029244816989801026,-0.02252639,0.019213784,-0.0179119549522845,0.026490334050440687,test
2021-10-06,1.1546,0.008366084416136954,-0.022949593,0.01948804,-0.0179119549522845,0.026490334050440687,test
2021-10-07,1.1561,0.006122556097979043,-0.022733327,0.019119995,-0.0179119549522845,0.026490334050440687,test
2021-10-08,1.1572,0.0031922722420101024,-0.022551095,0.019213784,-0.0179119549522845,0.026490334050440687,test
2021-10-12,1.1541,0.004236744913392709,-0.022949593,0.01855494,-0.0179119549522845,0.026490334050440687,test
2021-10-13,1.1568,0.0027624326959099776,-0.02247125,0.019044429,-0.0179119549522845,0.026490334050440687,test
2021-10-14,1.1591,0.008077033084213397,-0.022409653,0.019337695,-0.0179119549522845,0.026490334050440687,test
2021-10-15,1.1594,-0.0036291407670706877,-0.022372987,0.019765629,-0.0179119549522845,0.026490334050440687,test
2021-10-18,1.1609,-0.0015517244492908033,-0.022079065,0.01922297,-0.0179119549522845,0.026490334050440687,test
2021-10-19,1.1632,-0.0043940965889230355,-0.021775376,0.022154046,-0.0179119549522845,0.026490334050440687,test
2021-10-20,1.1643,-0.005080305411518216,-0.021775376,0.022808347,-0.0179119549522845,0.026490334050440687,test
2021-10-21,1.1643,-0.008366084416136954,-0.021738388,0.023653902,-0.0179119549522845,0.026490334050440687,test
2021-10-22,1.1632,-0.006728223432089786,-0.021738388,0.022703825,-0.0179119549522845,0.026490334050440687,test
2021-10-25,1.1609,-0.001638002004238387,-0.022076199,0.021565137,-0.0179119549522845,0.026490334050440687,test
2021-10-26,1.159,-8.628499940638301e-05,-0.022089152,0.021677593,-0.0179119549522845,0.026490334050440687,test
2021-10-27,1.16,-0.00718089342554859,-0.022089152,0.023545321,-0.0179119549522845,0.026490334050440687,test
2021-10-28,1.1685,-0.02092777865524359,-0.021253355,0.022352193,-0.0179119549522845,0.026490334050440687,test
2021-10-29,1.1552,-0.01140481608200053,-0.021092039,0.022776881,-0.0179119549522845,0.026490334050440687,test
2021-11-01,1.1591,-0.022510111155796597,-0.020957427,0.022990061,-0.0179119549522845,0.026490334050440687,test
2021-11-02,1.1581,-0.022618088587772284,-0.021697547,0.021755563,-0.0179119549522845,0.026490334050440687,test
2021-11-03,1.1584,-0.019702494188119923,-0.021697547,0.022105237,-0.0179119549522845,0.026490334050440687,test
2021-11-04,1.1546,-0.019944677918409898,-0.021864494,0.021909507,-0.0179119549522845,0.026490334050440687,test
2021-11-05,1.1554,-0.025775074647529553,-0.022050489,0.022194939,-0.0179119549522845,0.026490334050440687,test
2021-11-08,1.159,-0.02844208346745257,-0.021768404,0.022975814,-0.0179119549522845,0.026490334050440687,test
2021-11-09,1.1589,-0.03449980069904697,-0.022015296,0.023784451,-0.0179119549522845,0.026490334050440687,test
2021-11-10,1.1517,-0.018844503479118646,-0.021485478,0.022736983,-0.0179119549522845,0.026490334050440687,test
2021-11-12,1.1443,-0.01603276062068916,-0.02179516,0.023137448,-0.01816809069627846,0.026490334050440687,test
2021-11-15,1.1421,-0.011802145094980593,-0.021930514,0.02323484,-0.01816809069627846,0.026490334050440687,test
2021-11-16,1.1333,-0.0008827684189088025,-0.022834364,0.02475616,-0.01817814906920711,0.026490334050440687,test
2021-11-17,1.1322,-0.0014141773613691455,-0.023388298,0.027333228,-0.018198792813044484,0.026490334050440687,test
2021-11-18,1.1358,-0.004411901623896791,-0.02255906,0.022981768,-0.01842563017305149,0.026490334050440687,test
2021-11-19,1.1318,-0.0031858434025475724,-0.023588425,0.023791004,-0.018497572741376832,0.026490334050440687,test
2021-11-22,1.126,-0.0011551962896595297,-0.023639712,0.024163332,-0.019183264689702505,0.026490334050440687,test
2021-11-23,1.1265,0.00575350115570715,-0.02407426,0.024660563,-0.019407845063979846,0.026490334050440687,test
2021-11-24,1.1196,0.007917838616292042,-0.0237374,0.024563165,-0.01971460337463442,0.026490334050440687,test
2021-11-26,1.1302,0.0008844079465652604,-0.02356008,0.025230648,-0.01971460337463442,0.026490334050440687,test
2021-11-29,1.1261,0.0032802901881816837,-0.023770608,0.025518509,-0.01971460337463442,0.026490334050440687,test
2021-11-30,1.1287,-0.0017735217914604112,-0.021750065,0.02523247,-0.01971460337463442,0.026490334050440687,test
2021-12-01,1.1323,-0.005490626617013952,-0.021030419,0.026304007,-0.01971460337463442,0.026490334050440687,test
2021-12-02,1.1306,0.0002653106360908375,-0.021390103,0.025044726,-0.01971460337463442,0.026490334050440687,test
2021-12-03,1.1308,-0.002745186581193368,-0.021603934,0.025936496,-0.01971460337463442,0.026490334050440687,test
2021-12-06,1.1282,0.00141718358528585,-0.021612471,0.02577022,-0.01971460337463442,0.026490334050440687,test
2021-12-07,1.1247,0.0022203481744943743,-0.022298502,0.025880566,-0.01971460337463442,0.026490334050440687,test
2021-12-08,1.133,-0.0005297077902617214,-0.021057116,0.02625138,-0.01971460337463442,0.026490334050440687,test
2021-12-09,1.1285,0.003096662505537723,-0.02152133,0.025455039,-0.01971460337463442,0.026490334050440687,test
2021-12-10,1.1312,0.0015017007371346258,-0.020830492,0.025892451,-0.01971460337463442,0.026490334050440687,test
2021-12-13,1.1298,0.001415178017893634,-0.020900993,0.025185728,-0.01971460337463442,0.026490334050440687,test
2021-12-14,1.1267,0.0061936138534326585,-0.021145163,0.025226144,-0.01971460337463442,0.026490334050440687,test
2021-12-15,1.1261,0.005048950005443406,-0.021345334,0.025520558,-0.01971460337463442,0.026490334050440687,test
2021-12-16,1.1309,-0.001681490727619292,-0.020784572,0.025783962,-0.01971460337463442,0.026490334050440687,test
2021-12-17,1.1277,0.0016834275007356347,-0.020797525,0.025587162,-0.01971460337463442,0.026490334050440687,test
2021-12-20,1.1298,0.003269565056421994,-0.02079979,0.026039952,-0.01971460337463442,0.026490334050440687,test
2021-12-21,1.1272,0.0031002283567290317,-0.021187073,0.025856785,-0.01971460337463442,0.026490334050440687,test
2021-12-22,1.1324,0.002997974205587492,-0.02069701,0.026090866,-0.01971460337463442,0.026490334050440687,test
2021-12-23,1.132,0.0007064641763271928,-0.02099656,0.026408434,-0.01971460337463442,0.026490334050440687,test
2021-12-27,1.1329,0.002996653044520556,-0.020505978,0.024838671,-0.01971460337463442,0.026490334050440687,test
2021-12-28,1.1314,0.010288066122677436,-0.020882307,0.024760522,-0.01971460337463442,0.026490334050440687,test
2021-12-29,1.1337,0.011139977490409264,-0.020622008,0.024584673,-0.01971460337463442,0.026490334050440687,test
2021-12-30,1.1318,0.008446293394184318,-0.021127697,0.028029524,-0.01971460337463442,0.026490334050440687,test
2022-01-03,1.129,0.004066124226808618,-0.021085534,0.027602395,-0.01971460337463442,0.026490334050440687,test
2022-01-04,1.1296,0.004416578153489295,-0.02114065,0.028238716,-0.01971460337463442,0.026490334050440687,test
2022-01-05,1.1335,8.82184288869825e-05,-0.02049076,0.024646578,-0.01971460337463442,0.026490334050440687,test
2022-01-06,1.1307,0.0034432559512673905,-0.020867089,0.025157323,-0.01971460337463442,0.026490334050440687,test
2022-01-07,1.1358,-0.004235051327211636,-0.02049076,0.023040924,-0.01971460337463442,0.026490334050440687,test
2022-01-10,1.1328,-0.003980368795054881,-0.020867089,0.022271259,-0.01971460337463442,0.026490334050440687,test
2022-01-11,1.1363,-0.0074198732780924315,-0.020492537,0.021501042,-0.01971460337463442,0.026490334050440687,test
2022-01-12,1.1431,-0.0256969659664618,-0.020007158,0.025287786,-0.01971460337463442,0.026490334050440687,test
2022-01-13,1.1464,-0.02687573357270584,-0.020267926,0.025294466,-0.01971460337463442,0.026490334050440687,test
2022-01-14,1.1414,-0.017856038811974506,-0.020008687,0.025774842,-0.01971460337463442,0.026490334050440687,test
2022-01-18,1.1336,-0.008593629852249318,-0.020920858,0.024043472,-0.01971460337463442,0.026490334050440687,test
2022-01-19,1.1346,-0.004151032677266381,-0.020871386,0.023877615,-0.01971460337463442,0.026490334050440687,test
2022-01-20,1.1336,0.007820434391889203,-0.020976186,0.023829488,-0.01971460337463442,0.026490334050440687,test
2022-01-21,1.1346,0.009561057001083312,-0.021179989,0.024213992,-0.01971460337463442,0.026490334050440687,test
2022-01-24,1.131,0.01090408271375043,-0.02124291,0.02348815,-0.01971460337463442,0.026490334050440687,test
2022-01-25,1.1283,0.011718712018226149,-0.02144212,0.026185874,-0.01971460337463442,0.026490334050440687,test
2022-01-26,1.1279,0.013736237816964758,-0.021541761,0.026480623,-0.01971460337463442,0.026490334050440687,test
2022-01-27,1.1141,0.030583964086087642,-0.022518186,0.024902552,-0.01995816762019931,0.026490334050440687,test
2022-01-28,1.116,0.02162821409726065,-0.02240571,0.024338678,-0.02022453069803463,0.026490334050440687,test
2022-01-31,1.1212,0.00834892495055728,-0.022127545,0.024611328,-0.02022453069803463,0.026490334050440687,test
2022-02-01,1.1239,0.01097259039974216,-0.0212421,0.02445979,-0.02022453069803463,0.026490334050440687,test
2022-02-02,1.1299,0.007231072072643535,-0.020804366,0.02506075,-0.02022453069803463,0.026490334050440687,test
2022-02-03,1.1425,-0.005353472788326902,-0.026471887,0.026055712,-0.02022453069803463,0.026490334050440687,test
2022-02-04,1.1455,-0.01123705968688224,-0.02623386,0.026419403,-0.02022453069803463,0.026490334050440687,test
2022-02-07,1.1434,-0.00807872324994316,-0.024212165,0.025569437,-0.02022453069803463,0.026490334050440687,test
2022-02-08,1.1416,-0.008798226735214548,-0.023610758,0.026071444,-0.02022453069803463,0.026490334050440687,test
2022-02-09,1.1435,-0.024880649507382516,-0.023712156,0.02520072,-0.02022453069803463,0.026490334050440687,test
2022-02-10,1.1487,-0.019870532448378594,-0.027990917,0.025935542,-0.02022453069803463,0.026610985402887748,test
2022-02-11,1.1404,-0.015909828250265753,-0.027597385,0.025392842,-0.02022453069803463,0.026610985402887748,test
2022-02-14,1.1306,-0.018118216180970426,-0.0238555,0.026134323,-0.02022453069803463,0.026610985402887748,test
2022-02-15,1.1363,-0.023237190667902488,-0.024123283,0.02600983,-0.02022453069803463,0.026610985402887748,test
2022-02-16,1.1381,-0.029243413970934357,-0.024235727,0.025966391,-0.01995816762019931,0.026610985402887748,test
2022-02-17,1.1364,-0.040587362890835324,-0.02430849,0.02576818,-0.01971460337463442,0.026610985402887748,test
2022-02-18,1.1327,-0.04210294171278711,-0.024156567,0.025947377,-0.019407845063979846,0.026610985402887748,test
2022-02-22,1.1342,-0.0414945006229613,-0.024815895,0.026310872,-0.019407845063979846,0.026610985402887748,test
2022-02-23,1.1316,-0.02206924503583378,-0.025156545,0.026843876,-0.019407845063979846,0.026610985402887748,test
2022-02-24,1.1154,-0.013266743926107216,-0.024371143,0.026173007,-0.01971460337463442,0.026610985402887748,test
2022-02-25,1.1261,-0.029193892361799978,-0.024683567,0.02692952,-0.019874239721880158,0.026610985402887748,test
2022-02-28,1.1224,-0.022069985547564425,-0.02455394,0.026275022,-0.019874239721880158,0.026610985402887748,test
2022-03-01,1.1103,-0.011686503435345094,-0.028128754,0.027980058,-0.019874239721880158,0.026610985402887748,test
2022-03-02,1.1102,-0.00959370196497042,-0.028128754,0.02818836,-0.01995816762019931,0.026610985402887748,test
2022-03-03,1.1053,0.005143719322720328,-0.028945303,0.028131027,-0.02022453069803463,0.026490334050440687,test
2022-03-04,1.0912,0.012024192966801794,-0.033863574,0.031223815,-0.020431791807629003,0.024698176028129556,test
2022-03-07,1.086,0.017163101601201547,-0.035391554,0.030435072,-0.02074800797947632,0.0241762668668054,test
2022-03-08,1.0881,0.012875126492168598,-0.030718213,0.028008815,-0.020951060517285663,0.023764252463087186,test
2022-03-09,1.1069,-0.006162230646188191,-0.03344765,0.025702385,-0.021427207353072526,0.023323952940460312,test
2022-03-10,1.1007,-9.085540368762579e-05,-0.03344765,0.02598852,-0.021427207353072526,0.0227686226635363,test
2022-03-11,1.0937,0.004379169483484935,-0.03307069,0.02594769,-0.0220866267297692,0.022529099499088778,test
2022-03-14,1.0979,-0.00018218254741608764,-0.032973,0.025637055,-0.02208733021591331,0.021672701898576268,test
2022-03-15,1.0974,0.011776565127665159,-0.032973,0.02619256,-0.02208733021591331,0.021672701898576268,test
2022-03-16,1.0996,0.015073167729595993,-0.03497768,0.025515798,-0.02208733021591331,0.021672701898576268,test
2022-03-17,1.111,-0.0015313248950160896,-0.033010058,0.02617125,-0.02208733021591331,0.021672701898576268,test
2022-03-18,1.1044,-9.055100291421869e-05,-0.033050887,0.026394384,-0.02208733021591331,0.021672701898576268,test
2022-03-21,1.1048,-0.0050816806269975145,-0.033010058,0.026687592,-0.022069282061420312,0.021672701898576268,test
2022-03-22,1.1022,-0.009205734245452249,-0.033050887,0.026585702,-0.021427207353072526,0.021672701898576268,test
2022-03-23,1.1001,-0.008031438626346005,-0.03314009,0.026396237,-0.020951060517285663,0.021672701898576268,test
2022-03-24,1.1006,-0.009677789402468981,-0.034977462,0.026513059,-0.02074800797947632,0.021672701898576268,test
2022-03-25,1.0985,-0.010156087112844714,-0.034977462,0.029704714,-0.020431791807629003,0.021672701898576268,test
2022-03-28,1.0977,-0.009335597730431647,-0.034977462,0.03069693,-0.02022453069803463,0.021672701898576268,test
2022-03-29,1.1104,-0.02295600896776348,-0.033150945,0.027867597,-0.02022453069803463,0.021672701898576268,test
2022-03-30,1.1163,-0.026230119308866345,-0.03379551,0.03036075,-0.02022453069803463,0.021672701898576268,test
2022-03-31,1.1093,-0.027138583600764404,-0.033409953,0.029907461,-0.02022453069803463,0.021672701898576268,test
2022-04-01,1.1043,-0.0211401146507927,-0.032783527,0.031693194,-0.02022453069803463,0.021672701898576268,test
2022-04-04,1.0992,-0.01901145563887377,-0.03298961,0.031347856,-0.02022453069803463,0.021672701898576268,test
2022-04-05,1.0921,-0.012160444646388394,-0.035627946,0.029613638,-0.02022453069803463,0.021672701898576268,test
2022-04-06,1.0913,-0.005144705881237541,-0.036951404,0.033323362,-0.02022453069803463,0.021672701898576268,test
2022-04-07,1.09,-0.005612048401485159,-0.036951404,0.030137904,-0.02022453069803463,0.021672701898576268,test
2022-04-08,1.0874,-0.007754839453685589,-0.035738807,0.030033972,-0.02022453069803463,0.021672701898576268,test
2022-04-11,1.0875,-0.015942500972509127,-0.035695318,0.03108277,-0.02022453069803463,0.021672701898576268,test
2022-04-12,1.0852,-0.017757171828347157,-0.03566216,0.031751215,-0.020431791807629003,0.021672701898576268,test
2022-04-13,1.0874,-0.030343550024057184,-0.035645433,0.03013019,-0.02074800797947632,0.021672701898576268,test
2022-04-14,1.0796,-0.0278004379922804,-0.03538715,0.029825125,-0.020951060517285663,0.021672701898576268,test
2022-04-15,1.0812,-0.025763755796810492,-0.034646865,0.029325278,-0.021152779713057318,0.021672701898576268,test
2022-04-18,1.0785,-0.02478302001496894,-0.03459103,0.029773096,-0.021152779713057318,0.021672701898576268,test
2022-04-19,1.0789,-0.02410885493514013,-0.03445029,0.029896904,-0.021152779713057318,0.021672701898576268,test
2022-04-20,1.0857,-0.02972737129791545,-0.03373829,0.029399168,-0.021152779713057318,0.021672701898576268,test
2022-04-21,1.0839,-0.031109039126974762,-0.03419039,0.0298813,-0.021152779713057318,0.021672701898576268,test
2022-04-22,1.079,-0.02041078252800057,-0.03506928,0.026776094,-0.021152779713057318,0.021672701898576268,test
2022-04-25,1.0703,-0.0135454991778612,-0.03507358,0.026958115,-0.021152779713057318,0.021672701898576268,test
2022-04-26,1.0661,-0.01226893456987805,-0.034651447,0.026919985,-0.021152779713057318,0.021672701898576268,test
2022-04-27,1.0549,-0.0011381960822810372,-0.035069637,0.034913134,-0.021427207353072526,0.021672701898576268,test
2022-04-28,1.05,-0.01187981014933489,-0.035069637,0.033616878,-0.022069282061420312,0.021672701898576268,test
2022-04-29,1.0537,-0.012125989990513182,-0.03474768,0.026822416,-0.02208733021591331,0.021672701898576268,test
2022-05-02,1.0521,-0.009646223500929883,-0.034734856,0.026146427,-0.02242154052660489,0.021672701898576268,test
2022-05-03,1.0532,0.0,-0.034483757,0.026081828,-0.0225153751990494,0.021672701898576268,test
2022-05-04,1.0539,-0.0042789966872796015,-0.034329183,0.026856527,-0.022615526849198594,0.021672701898576268,test
2022-05-05,1.0507,0.0075851316546045044,-0.034460757,0.026956642,-0.02263498460677184,0.021672701898576268,test
2022-05-06,1.0572,-0.0012304199176653083,-0.034227207,0.026301889,-0.02263498460677184,0.021672701898576268,test
2022-05-09,1.0559,0.010270029495390423,-0.033998773,0.02655316,-0.02263498460677184,0.021672701898576268,test
2022-05-10,1.0531,0.02002417082247642,-0.0340414,0.026270844,-0.02263498460677184,0.021672701898576268,test
2022-05-11,1.0537,0.011417911257199959,-0.033366743,0.026679302,-0.02263498460677184,0.021672701898576268,test
2022-05-12,1.0376,0.03308201779993784,-0.034241818,0.0276487,-0.02263498460677184,0.021672701898576268,test
2022-05-13,1.041,0.0283176267918605,-0.034110244,0.027684433,-0.02263498460677184,0.021672701898576268,test
2022-05-16,1.042,0.029409712619769435,-0.034110244,0.028056927,-0.02263498460677184,0.021672701898576268,test
2022-05-17,1.0532,0.010765993116502753,-0.03390017,0.030602856,-0.02263498460677184,0.021672701898576268,test
2022-05-18,1.0494,0.022519442234867147,-0.034624718,0.030579628,-0.02263498460677184,0.021672701898576268,test
2022-05-19,1.0587,0.01257760151286006,-0.03305182,0.029968265,-0.02263498460677184,0.021672701898576268,test
2022-05-20,1.0559,0.01317170233209218,-0.033014543,0.028245322,-0.02263498460677184,0.021672701898576268,test
2022-05-23,1.0668,0.0027147220042260667,-0.0335195,0.03028818,-0.02263498460677184,0.021672701898576268,test
2022-05-24,1.0744,-0.0003723701402177926,-0.032385763,0.031081086,-0.02263498460677184,0.021672701898576268,test
2022-05-25,1.0658,-0.00018767007655716428,-0.032795962,0.031959377,-0.02263498460677184,0.021672701898576268,test
2022-05-26,1.0725,-0.0192042049879299,-0.03273023,0.03269521,-0.02263498460677184,0.022529099499088778,test
2022-05-27,1.0709,-0.025823142144255865,-0.032416865,0.031163894,-0.02263498460677184,0.0227686226635363,test
2022-05-31,1.0731,-0.029793663478776822,-0.03245414,0.030395042,-0.02263498460677184,0.023323952940460312,test
2022-06-01,1.0646,-0.024532940950063677,-0.032886922,0.028853752,-0.02263498460677184,0.0227686226635363,test
2022-06-02,1.0733,-0.01899981910092722,-0.03231523,0.028294168,-0.02263498460677184,0.022530498004817483,test
2022-06-03,1.0721,-0.023403918083094166,-0.03233689,0.028807625,-0.02263498460677184,0.022518043729138442,test
2022-06-06,1.0699,-0.014214010665429343,-0.03233689,0.028547015,-0.02263498460677184,0.021672701898576268,test
2022-06-07,1.0697,-0.010714388212406424,-0.032748632,0.028714253,-0.02263498460677184,0.02126957105749211,test
2022-06-08,1.074,-0.022314158440080355,-0.033793744,0.028261796,-0.02263498460677184,0.02119846881523259,test
2022-06-09,1.0656,-0.011040451846233694,-0.034215093,0.027953735,-0.02263498460677184,0.020824880438753,test
2022-06-10,1.0521,0.007575076464809885,-0.032387637,0.027259968,-0.02263498460677184,0.0203640420687876,test
2022-06-13,1.0436,0.009346753786715414,-0.033401564,0.028086118,-0.02297006805277043,0.020040003015068267,test
2022-06-14,1.0416,0.005839292904614435,-0.03354914,0.028270945,-0.023280773881264368,0.019856974688675873,test
2022-06-15,1.0388,0.007767215536715874,-0.034981478,0.028270764,-0.024110488936050726,0.019856974688675873,test
2022-06-16,1.0531,-0.011652471865128793,-0.03354233,0.027005533,-0.024110488936050726,0.019856974688675873,test
2022-06-17,1.0473,-0.021132643429499647,-0.033498842,0.029091125,-0.024110488936050726,0.019856974688675873,test
2022-06-21,1.0548,-0.03619911667942888,-0.033433937,0.029008726,-0.024110488936050726,0.019856974688675873,test
2022-06-22,1.0583,-0.040888928002179525,-0.033433937,0.028802063,-0.024110488936050726,0.019856974688675873,test
2022-06-23,1.0503,-0.03143240247399737,-0.032981656,0.0270679,-0.024110488936050726,0.019856974688675873,test
2022-06-24,1.0539,-0.04373606328918137,-0.033108134,0.026786443,-0.024110488936050726,0.019856974688675873,test
2022-06-27,1.0601,-0.051486939357482914,-0.03301893,0.02680682,-0.024110488936050726,0.019856974688675873,test
2022-06-28,1.0534,-0.04395565698939302,-0.033108134,0.02915848,-0.024110488936050726,0.019856974688675873,test
2022-06-29,1.0477,-0.04380119807478107,-0.033536118,0.029081779,-0.024110488936050726,0.019856974688675873,test
2022-06-30,1.0469,-0.036972787910975684,-0.03441492,0.027004724,-0.024110488936050726,0.019856974688675873,test
2022-07-01,1.0409,-0.024212374382995415,-0.0347602,0.029898029,-0.024110488936050726,0.019856974688675873,test
2022-07-05,1.0254,-0.001561585326117377,-0.0352855,0.031120352,-0.024110488936050726,0.019856974688675873,test
2022-07-06,1.0173,0.004315847797675316,-0.035765212,0.033200305,-0.02416110525318761,0.019856974688675873,test
2022-07-07,1.0159,0.003733547272680774,-0.03494675,0.032640584,-0.024545444903308938,0.019856974688675873,test
2022-07-08,1.0178,0.004607173762224442,-0.034319535,0.030309653,-0.024787901489589616,0.019856974688675873,test
2022-07-11,1.0088,0.01211897191078246,-0.03439896,0.03424715,-0.024888501932135123,0.019856974688675873,test
2022-07-12,1.0069,0.004656931874241021,-0.035722475,0.03125652,-0.025060669698987112,0.019856974688675873,test
2022-07-13,1.0081,0.0026747254541432362,-0.035674985,0.030760542,-0.025507123635132644,0.019856974688675873,test
2022-07-14,1.0028,0.013372493859582502,-0.03650376,0.031604696,-0.025700305457979238,0.019856974688675873,test
2022-07-15,1.0089,0.011138058074492656,-0.034208238,0.030198956,-0.025764321739346445,0.019856974688675873,test
2022-07-18,1.016,0.010768581790130929,-0.03459565,0.029533746,-0.025764321739346445,0.019856974688675873,test
2022-07-19,1.0238,-0.0043069761175414945,-0.034389358,0.029084211,-0.025764321739346445,0.019856974688675873,test
2022-07-20,1.0217,-0.006973460464788464,-0.0336124,0.02989922,-0.025764321739346445,0.019856974688675873,test
2022-07-21,1.0197,0.002350867964850515,-0.03480141,0.030048274,-0.025764321739346445,0.019856974688675873,test
2022-07-22,1.0225,-0.005393491868396917,-0.034898832,0.029786194,-0.025764321739346445,0.019856974688675873,test
2022-07-25,1.0211,-0.0003918111520395291,-0.03502605,0.030100504,-0.025764321739346445,0.019856974688675873,test
2022-07-26,1.0116,0.010815167850088682,-0.035992242,0.029964346,-0.025764321739346445,0.01949870715881348,test
2022-07-27,1.0108,0.022402502060400058,-0.035948753,0.030025398,-0.025764321739346445,0.019411775237577603,test
2022-07-28,1.0163,0.017072752618218247,-0.03520597,0.029974272,-0.025764321739346445,0.01834651156755936,test
2022-07-29,1.0202,0.005376619824539176,-0.033842582,0.030159857,-0.025764321739346445,0.01828013341939968,test
2022-08-01,1.027,-0.008212795478053949,-0.033687696,0.030272767,-0.025764321739346445,0.018177692074324816,test
2022-08-02,1.0194,-0.0019638655172766993,-0.034224544,0.034543313,-0.025764321739346445,0.01802763143542156,test
2022-08-03,1.0146,0.0017725263134194275,-0.03427978,0.030350761,-0.025764321739346445,0.017611452691819688,test
2022-08-04,1.0221,-0.01052382468914785,-0.033916775,0.03471183,-0.025764321739346445,0.017184443989797637,test
2022-08-05,1.017,-0.012964702351078952,-0.03504629,0.034501065,-0.025764321739346445,0.017153302216834723,test
2022-08-08,1.0207,-0.026909234230238298,-0.034327473,0.036777675,-0.025764321739346445,0.016994580187472977,test
2022-08-09,1.0226,-0.024751288280072083,-0.03402945,0.031742066,-0.025764321739346445,0.016783448089966554,test
2022-08-10,1.0337,-0.03645005560102857,-0.03280817,0.03255628,-0.025764321739346445,0.016783448089966554,test
2022-08-11,1.0338,-0.03734976182434513,-0.033174824,0.032823343,-0.025764321739346445,0.016990578495395755,test
2022-08-12,1.0257,-0.025575326333895344,-0.032836627,0.031293735,-0.025764321739346445,0.016990578495395755,test
2022-08-15,1.0186,-0.018429135468367143,-0.03388346,0.030119246,-0.025764321739346445,0.016990578495395755,test
2022-08-16,1.0174,-0.015451971465148274,-0.035390824,0.030237937,-0.025764321739346445,0.016990578495395755,test
2022-08-17,1.0164,-0.009788006366162866,-0.036728807,0.031381946,-0.025764321739346445,0.016990578495395755,test
2022-08-18,1.0114,-0.016348051487289964,-0.036804337,0.031211972,-0.025764321739346445,0.016990578495395755,test
2022-08-19,1.0039,-0.0008969057355454825,-0.03627795,0.031192038,-0.025764321739346445,0.016990578495395755,test
2022-08-22,0.9936,-0.0022166255927408935,-0.03627795,0.032188866,-0.02577747802236587,0.016990578495395755,test
2022-08-23,0.9976,-0.003414000705254536,-0.034811005,0.029508019,-0.02577747802236587,0.016990578495395755,test
2022-08-24,0.9967,-0.0011042514799735914,-0.034811005,0.029727,-0.025843491002486386,0.016990578495395755,test
2022-08-25,0.9959,0.008697880378350415,-0.034892693,0.029668154,-0.02626240002205832,0.016990578495395755,test
2022-08-26,0.9998,0.013017523713281387,-0.034661993,0.029586941,-0.02626240002205832,0.016990578495395755,test
2022-08-29,1.0,-0.00030004500900199243,-0.034622733,0.031178426,-0.02626240002205832,0.016990578495395755,test
2022-08-30,1.0018,-0.0024986270557728232,-0.035300165,0.032543693,-0.02626240002205832,0.016990578495395755,test
2022-08-31,1.0065,-0.007379371340873229,-0.03551925,0.031748988,-0.02626240002205832,0.016990578495395755,test
2022-09-01,0.995,0.006311697555164415,-0.034474906,0.030081127,-0.02626240002205832,0.016990578495395755,test
2022-09-02,1.003,-0.0026955539708004286,-0.033731557,0.029702947,-0.02626240002205832,0.016990578495395755,test
2022-09-06,0.9914,0.008037013323631128,-0.034865063,0.03003447,-0.02626240002205832,0.016990578495395755,test
2022-09-07,0.9942,-0.006255695912704398,-0.03468532,0.028797355,-0.02626240002205832,0.016990578495395755,test
2022-09-08,0.9956,-0.011618052588497178,-0.034703948,0.029736865,-0.02626240002205832,0.016990578495395755,test
2022-09-09,1.0046,-0.03309181280651938,-0.033578742,0.029586803,-0.02626240002205832,0.016990578495395755,test
2022-09-12,1.0129,-0.051246530330396195,-0.033608284,0.029543635,-0.02626240002205832,0.016990578495395755,test
2022-09-13,0.9997,-0.03885667019219192,-0.03335544,0.029108439,-0.02626240002205832,0.016990578495395755,test
2022-09-14,0.9993,-0.031719646141717836,-0.03335544,0.029066768,-0.02626240002205832,0.016990578495395755,test
2022-09-15,0.9991,-0.021958888902918403,-0.03335544,0.029050598,-0.02626240002205832,0.016990578495395755,test
2022-09-16,1.0013,-0.023238063250374093,-0.034148287,0.028462019,-0.02626240002205832,0.016990578495395755,test
2022-09-19,1.0003,-0.019584716420865043,-0.03422905,0.028746122,-0.02626240002205832,0.016990578495395755,test
2022-09-20,0.9994,-0.0017024689906430972,-0.035017572,0.035914384,-0.02626240002205832,0.016990578495395755,test
2022-09-21,0.988,-0.0014180089482298958,-0.035318658,0.028458014,-0.02626240002205832,0.016990578495395755,test
2022-09-22,0.9841,-0.0035628886878068984,-0.0352855,0.028195394,-0.02626240002205832,0.016990578495395755,test
2022-09-23,0.9719,0.006767868326706058,-0.03443299,0.03175962,-0.02687740860558246,0.016990578495395755,test
2022-09-26,0.9623,0.013828909751549167,-0.03531504,0.0352761,-0.026920701698764603,0.016990578495395755,test
2022-09-27,0.9616,0.007872425161427471,-0.03534439,0.033113774,-0.0271716763203402,0.016990578495395755,test
2022-09-28,0.9681,0.010174282308791527,-0.034158617,0.029001914,-0.027832520266039006,0.016990578495395755,test
2022-09-29,0.9774,-0.0035873558689009447,-0.03411513,0.028712755,-0.027832520266039006,0.016990578495395755,test
2022-09-30,0.9783,0.006114357171782502,-0.033322282,0.028492711,-0.027832520266039006,0.016990578495395755,test
2022-10-03,0.9809,0.0033586108616078456,-0.03472122,0.027829416,-0.027832520266039006,0.016990578495395755,test
2022-10-04,0.9977,-0.01994295988464418,-0.033329118,0.033827044,-0.027832520266039006,0.016990578495395755,test
2022-10-05,0.9866,-0.004367928118814049,-0.03362541,0.03345036,-0.027832520266039006,0.016990578495395755,test
2022-10-06,0.9806,0.004984497375642034,-0.03352857,0.032879006,-0.027832520266039006,0.016990578495395755,test
2022-10-07,0.9785,0.00905443898863161,-0.033617772,0.03332562,-0.027832520266039006,0.016990578495395755,test
2022-10-11,0.9757,0.0204916888236895,-0.03425232,0.033341393,-0.027832520266039006,0.016990578495395755,test
2022-10-12,0.9692,0.03806127431879011,-0.035668097,0.037444554,-0.027832520266039006,0.016990578495395755,test
2022-10-13,0.978,0.020744482821052644,-0.034215104,0.033269025,-0.027832520266039006,0.016990578495395755,test
2022-10-14,0.9739,0.019824773706096532,-0.034181945,0.032792054,-0.027832520266039006,0.016783448089966554,test
2022-10-17,0.9843,0.0042579139755060565,-0.033550918,0.033160396,-0.027832520266039006,0.016783448089966554,test
2022-10-18,0.9842,0.0029422229919644684,-0.033550918,0.03356839,-0.027832520266039006,0.016783448089966554,test
2022-10-19,0.978,0.009666826740459664,-0.033487238,0.032614388,-0.027832520266039006,0.016783448089966554,test
2022-10-20,0.9823,-0.006536638533408405,-0.033550918,0.03277223,-0.027832520266039006,0.016783448089966554,test
2022-10-21,0.9855,0.004050638449845528,-0.033588193,0.033158086,-0.027832520266039006,0.016783448089966554,test
2022-10-24,0.9874,0.012380008148372491,-0.03425815,0.034862474,-0.027832520266039006,0.016783448089966554,test
2022-10-25,0.9959,0.012969056476739658,-0.03374759,0.03526732,-0.027832520266039006,0.016990578495395755,test
2022-10-26,1.0068,-0.0030838124414060628,-0.034216024,0.035141114,-0.027832520266039006,0.01707727006736741,test
2022-10-27,0.9985,0.018948039729987796,-0.03277821,0.035770744,-0.027832520266039006,0.017184443989797637,test
2022-10-28,0.9934,0.03976647490118906,-0.03277821,0.03536091,-0.027832520266039006,0.017611452691819688,test
2022-10-31,0.9885,0.048091411053837574,-0.032803733,0.034109835,-0.027832520266039006,0.017611452691819688,test
2022-11-01,0.9871,0.05172375587422543,-0.03403642,0.032795712,-0.027832520266039006,0.017611452691819688,test
2022-11-02,0.9875,0.04611026541565242,-0.03562124,0.032978196,-0.027832520266039006,0.017611452691819688,test
2022-11-03,0.9759,0.058699960526711836,-0.035334427,0.036303256,-0.027832520266039006,0.017611452691819688,test
2022-11-04,0.9895,0.03407670898086245,-0.033378407,0.032919135,-0.027832520266039006,0.017611452691819688,test
2022-11-07,0.9997,0.02752603126259352,-0.032831512,0.034903955,-0.027832520266039006,0.017611452691819688,test
2022-11-08,1.0089,0.026892541273621375,-0.032736085,0.035637137,-0.027832520266039006,0.017611452691819688,test
2022-11-09,1.0037,0.03571983051921745,-0.0328527,0.035079304,-0.027832520266039006,0.017611452691819688,test
2022-11-10,1.0176,0.020426738824360784,-0.03269695,0.035821535,-0.027832520266039006,0.01802763143542156,test
2022-11-14,1.0337,0.0018363703029435074,-0.03269695,0.03578326,-0.027832520266039006,0.018177692074324816,test
2022-11-15,1.0372,-0.004735452192964833,-0.03269695,0.035748057,-0.027832520266039006,0.01828013341939968,test
2022-11-16,1.0395,0.009859841520131765,-0.03264365,0.035567846,-0.027832520266039006,0.018323505157660517,test
2022-11-17,1.0341,0.01725668362331275,-0.03264365,0.03636152,-0.027832520266039006,0.01897104613988664,test
2022-11-18,1.0349,0.013913768578484205,-0.032739077,0.036565877,-0.027832520266039006,0.019411775237577603,test
2022-11-21,1.0238,0.02498321401826919,-0.033386927,0.03561549,-0.027832520266039006,0.0194975370995103,test
2022-11-22,1.0276,0.02204025504932652,-0.03344023,0.035849813,-0.027832520266039006,0.019834743561915516,test
2022-11-23,1.0364,0.017977152715149866,-0.033402953,0.03655048,-0.027832520266039006,0.020040003015068267,test
2022-11-25,1.0402,0.014127764571194704,-0.03279238,0.036182612,-0.027832520266039006,0.020348358381782405,test
2022-11-28,1.0386,0.015193068508610741,-0.032739077,0.036535177,-0.027832520266039006,0.02042998632432722,test
2022-11-29,1.0356,0.026114130464565233,-0.034143783,0.03617938,-0.027832520266039006,0.02042998632432722,test
2022-11-30,1.0323,0.03165485006712734,-0.033655155,0.035659555,-0.027832520266039006,0.02042998632432722,test
2022-12-01,1.0498,0.013247733490017816,-0.03279238,0.036487196,-0.027832520266039006,0.02042998632432722,test
2022-12-02,1.0521,0.008423692799740937,-0.032739077,0.036343176,-0.027832520266039006,0.02042998632432722,test
2022-12-05,1.0494,0.01231192746955792,-0.032739077,0.03644025,-0.027832520266039006,0.02034511088181597,test
2022-12-06,1.0497,0.013060946598539673,-0.032739077,0.03625959,-0.027832520266039006,0.02034511088181597,test
2022-12-07,1.0505,0.008908322748154188,-0.032739077,0.035949297,-0.027832520266039006,0.02034511088181597,test
2022-12-08,1.0552,0.0034058689498414063,-0.034272317,0.036613848,-0.027832520266039006,0.020040003015068267,test
2022-12-09,1.055,0.006707313417327165,-0.03425815,0.037350595,-0.027832520266039006,0.019834743561915516,test
2022-12-12,1.0545,0.010283594564069388,-0.034301903,0.038726628,-0.027832520266039006,0.0194975370995103,test
2022-12-13,1.063,-0.0007528703536490641,-0.034273677,0.036725033,-0.027832520266039006,0.0194975370995103,test
2022-12-14,1.0655,0.0012193407691874492,-0.034220375,0.03670687,-0.027832520266039006,0.019834743561915516,test
2022-12-15,1.0638,0.005624311788932523,-0.034220375,0.036890756,-0.027832520266039006,0.019834743561915516,test
2022-12-16,1.061,-0.004818375801514334,-0.034495004,0.036827866,-0.027832520266039006,0.019834743561915516,test
2022-12-19,1.0624,-0.00037657692028521955,-0.034495004,0.036325693,-0.027832520266039006,0.019834743561915516,test
2022-12-20,1.0635,-0.010682145343584908,-0.034665734,0.037858326,-0.027832520266039006,0.019834743561915516,test
2022-12-21,1.0599,0.0018851923765906484,-0.035406455,0.037921745,-0.027832520266039006,0.019834743561915516,test
2022-12-22,1.0588,0.016021329246917383,-0.03551621,0.037782233,-0.027832520266039006,0.019834743561915516,test
2022-12-23,1.0621,0.010862547112595926,-0.034720186,0.037263744,-0.027832520266039006,0.019834743561915516,test
2022-12-27,1.0654,0.008039680585911382,-0.03451195,0.03691796,-0.027832520266039006,0.019834743561915516,test
2022-12-28,1.0622,0.018746177312801954,-0.034831516,0.03710587,-0.027832520266039006,0.019834743561915516,test
2022-12-29,1.0668,0.01331552799086648,-0.032330994,0.036037788,-0.027832520266039006,0.019834743561915516,test
2022-12-30,1.0698,0.00884096773415076,-0.031856492,0.034812666,-0.027832520266039006,0.019834743561915516,test
2023-01-03,1.0559,0.02506443750438382,-0.033815894,0.03332519,-0.027832520266039006,0.019834743561915516,test
2023-01-04,1.062,0.01773261583732405,-0.03217277,0.03611666,-0.027832520266039006,0.019834743561915516,test
2023-01-05,1.0522,0.02894408954498453,-0.035581283,0.033743843,-0.027832520266039006,0.019834743561915516,test
2023-01-06,1.0619,0.022901764286684417,-0.034185752,0.036221053,-0.027832520266039006,0.019834743561915516,test
2023-01-09,1.0759,0.010540038403840171,-0.032912772,0.037278365,-0.027832520266039006,0.019834743561915516,test
2023-01-10,1.0737,0.015158807694223009,-0.03285947,0.037366517,-0.027832520266039006,0.019834743561915516,test
2023-01-11,1.074,0.01166355904861266,-0.03285947,0.037699036,-0.027832520266039006,0.019834743561915516,test
2023-01-12,1.0823,0.0031365339367057793,-0.03285462,0.037356894,-0.027832520266039006,0.019834743561915516,test
2023-01-13,1.0811,0.005166539770080261,-0.032836627,0.03854964,-0.027832520266039006,0.019834743561915516,test
2023-01-17,1.0793,0.006004359640050236,-0.034398094,0.038411103,-0.027832520266039006,0.019834743561915516,test
2023-01-18,1.0827,0.008278192969371156,-0.03419753,0.038655918,-0.027832520266039006,0.02004429922257062,test
2023-01-19,1.081,0.009941171708449076,-0.034316566,0.038767524,-0.027832520266039006,0.02004429922257062,test
2023-01-20,1.0831,-0.0005541189650464656,-0.03436826,0.039680053,-0.027832520266039006,0.02042998632432722,test
2023-01-23,1.0865,-0.013248908303046952,-0.03427906,0.039320286,-0.027832520266039006,0.020504328523557644,test
2023-01-24,1.0873,-0.015571729973966233,-0.03419753,0.035070375,-0.027832520266039006,0.020504328523557644,test
2023-01-25,1.0901,-0.015438254391584527,-0.034116533,0.036509756,-0.027832520266039006,0.020504328523557644,test
2023-01-26,1.0866,-0.009710160911076071,-0.03416852,0.0339222,-0.027832520266039006,0.020504328523557644,test
2023-01-27,1.0857,-0.017373967936053225,-0.03416852,0.034101173,-0.027832520266039006,0.020504328523557644,test
2023-01-30,1.0867,-0.013806103008055959,-0.03425772,0.034352284,-0.027832520266039006,0.020504328523557644,test
2023-01-31,1.0858,-0.012604430077913398,-0.03425772,0.034352284,-0.027832520266039006,0.020504328523557644,test
2023-02-01,1.0917,-0.021667514334381965,-0.03458565,0.032831933,-0.027832520266039006,0.020504328523557644,test
2023-02-02,1.0918,-0.0216655081118515,-0.033909846,0.03439904,-0.027832520266039006,0.020504328523557644,test
2023-02-03,1.0825,-0.013672723810559007,-0.03410541,0.029466735,-0.027832520266039006,0.020504328523557644,test
2023-02-06,1.0722,-0.006080752166526829,-0.03357453,0.030455045,-0.027832520266039006,0.020504328523557644,test
2023-02-07,1.0705,-0.007689460243769729,-0.03283775,0.026803078,-0.027832520266039006,0.020504328523557644,test
2023-02-08,1.0734,-0.01416733364304957,-0.03369701,0.02668552,-0.027832520266039006,0.020504328523557644,test
2023-02-09,1.0761,-0.02027667328751736,-0.031881493,0.025675602,-0.027832520266039006,0.020504328523557644,test
2023-02-10,1.067,-0.006959493903838591,-0.032672927,0.025689447,-0.027832520266039006,0.020504328523557644,test
2023-02-13,1.0718,-0.010881908507044215,-0.0325886,0.025702922,-0.027832520266039006,0.020504328523557644,test
2023-02-14,1.0722,-0.004486827493593026,-0.03239716,0.02595457,-0.027832520266039006,0.020504328523557644,test
2023-02-15,1.0683,-0.008271501243487897,-0.033375934,0.025724968,-0.027832520266039006,0.020504328523557644,test
2023-02-16,1.0684,-0.006384998217807976,-0.03354732,0.02661492,-0.027832520266039006,0.020504328523557644,test
2023-02-17,1.0678,0.0014972864485451737,-0.03288622,0.02688786,-0.027832520266039006,0.020504328523557644,test
2023-02-21,1.0657,-0.00791337148842982,-0.03320003,0.029557772,-0.027832520266039006,0.020504328523557644,test
2023-02-22,1.0623,-0.006990393098204727,-0.030263385,0.029772216,-0.027832520266039006,0.020504328523557644,test
2023-02-23,1.0583,-0.0005671077656715443,-0.03267091,0.029926864,-0.027832520266039006,0.020504328523557644,test
2023-02-24,1.0545,0.010752791776261879,-0.03289772,0.030033384,-0.027832520266039006,0.020504328523557644,test
2023-02-27,1.0596,0.01284653608956391,-0.03306808,0.026473334,-0.027832520266039006,0.020504328523557644,test
2023-02-28,1.0602,0.011255042839731659,-0.03172075,0.026848624,-0.027832520266039006,0.020504328523557644,test
2023-03-01,1.0674,-0.013107830655600554,-0.025193503,0.025669774,-0.027832520266039006,0.020504328523557644,test
2023-03-02,1.0595,0.0025451302799449488,-0.024586935,0.027507883,-0.027832520266039006,0.020504328523557644,test
2023-03-03,1.0616,0.0029158653025626105,-0.025270477,0.027332056,-0.027832520266039006,0.020504328523557644,test
2023-03-06,1.0694,0.002614868878806298,-0.027667182,0.02810605,-0.027832520266039006,0.020504328523557644,test
2023-03-07,1.0573,0.018368054596354468,-0.031979337,0.02635599,-0.027832520266039006,0.020504328523557644,test
2023-03-08,1.0549,0.022774050205783034,-0.03198775,0.026150262,-0.027832520266039006,0.020504328523557644,test
2023-03-09,1.0577,0.029163104598953174,-0.031597562,0.026159072,-0.027832520266039006,0.020504328523557644,test
2023-03-10,1.0659,0.009616805360228159,-0.032624148,0.02712756,-0.027832520266039006,0.020504328523557644,test
2023-03-13,1.0733,0.005203989069815743,-0.03258596,0.026923584,-0.027832520266039006,0.020504328523557644,test
2023-03-14,1.0722,0.011314226231073088,-0.03397626,0.026909715,-0.027832520266039006,0.020504328523557644,test
2023-03-15,1.0535,0.027247601118633703,-0.033088557,0.02672799,-0.027832520266039006,0.020504328523557644,test
2023-03-16,1.0622,0.025743719906967222,-0.032867063,0.02600225,-0.027832520266039006,0.020504328523557644,test
2023-03-17,1.0647,0.02091251451637345,-0.032956265,0.025944471,-0.027832520266039006,0.020504328523557644,test
2023-03-20,1.0722,0.015639054688203313,-0.032956265,0.026451133,-0.027832520266039006,0.020504328523557644,test
2023-03-21,1.0769,0.01675913994687822,-0.032385763,0.027570331,-0.027832520266039006,0.020504328523557644,test
2023-03-22,1.0792,0.011607684454111256,-0.03379321,0.027828675,-0.027832520266039006,0.020788669384863005,test
2023-03-23,1.089,0.0033918536437392427,-0.033846512,0.03006444,-0.027832520266039006,0.021648816144863924,test
2023-03-24,1.0762,0.01393332806372477,-0.03272491,0.031572994,-0.027832520266039006,0.021648816144863924,test
2023-03-27,1.0789,0.004715899442297208,-0.03272491,0.031270277,-0.027832520266039006,0.021648816144863924,test
2023-03-28,1.0844,0.005701164867450717,-0.032779127,0.03215348,-0.027832520266039006,0.021648816144863924,test
2023-03-29,1.0826,0.014762107343957762,-0.03272491,0.032328658,-0.027832520266039006,0.02205836739988018,test
2023-03-30,1.0899,0.014121311503896491,-0.032632202,0.030335085,-0.027832520266039006,0.022408349069123406,test
2023-03-31,1.0872,0.009884759232542117,-0.033888638,0.030438496,-0.027832520266039006,0.022408349069123406,test
2023-04-03,1.0891,0.0022012299083577908,-0.033853617,0.028077738,-0.027832520266039006,0.022408349069123406,test
2023-04-04,1.0951,0.0006390068226020118,-0.033886965,0.028430654,-0.027832520266039006,0.022408349069123406,test
2023-04-05,1.0918,0.003200587982043493,-0.033846162,0.02851152,-0.027832520266039006,0.022408349069123406,test
2023-04-06,1.0927,0.0039274836985305345,-0.033846162,0.029101262,-0.027832520266039006,0.022408349069123406,test
2023-04-07,1.0913,0.005482970877709298,-0.033846162,0.029046036,-0.027832520266039006,0.022408349069123406,test
2023-04-10,1.084,0.017103814765041234,-0.034320813,0.027971007,-0.027832520266039006,0.022408349069123406,test
2023-04-11,1.0906,0.005668845756143431,-0.034201458,0.028435212,-0.027832520266039006,0.022408349069123406,test
2023-04-12,1.0987,0.005898651342426148,-0.03239525,0.029247362,-0.027832520266039006,0.022408349069123406,test
2023-04-13,1.1054,-0.0033528190531433716,-0.032368958,0.028974393,-0.027832520266039006,0.022408349069123406,test
2023-04-14,1.098,0.005449604767564675,-0.032332577,0.02925874,-0.027832520266039006,0.022408349069123406,test
2023-04-17,1.0915,0.005026284285231719,-0.032329027,0.028817024,-0.027832520266039006,0.022408349069123406,test
2023-04-18,1.0958,0.0035527252125732295,-0.032382328,0.028812543,-0.027832520266039006,0.022408349069123406,test
2023-04-19,1.0953,0.008726534789428489,-0.03296756,0.029070023,-0.027832520266039006,0.022408349069123406,test
2023-04-20,1.097,0.003548845801127229,-0.03423125,0.027508503,-0.027832520266039006,0.022408349069123406,test
2023-04-21,1.0973,0.004818410158829847,-0.031218799,0.028386189,-0.027832520266039006,0.022408349069123406,test
2023-04-24,1.1027,-0.0006350070517729539,-0.03133415,0.028223665,-0.027832520266039006,0.022408349069123406,test
2023-04-25,1.0968,-0.0013685509184038214,-0.03382806,0.028021432,-0.027832520266039006,0.022408349069123406,test
2023-04-26,1.1052,-0.0078118300793133255,-0.03374239,0.028731797,-0.027832520266039006,0.022408349069123406,test
2023-04-27,1.1017,-0.009209931511835842,-0.033552904,0.0276751,-0.027832520266039006,0.022408349069123406,test
2023-04-28,1.104,-0.016807118316381403,-0.033393588,0.027599053,-0.027832520266039006,0.022408349069123406,test
2023-05-01,1.097,-0.008789655563410007,-0.03301674,0.026684748,-0.027832520266039006,0.022408349069123406,test
2023-05-02,1.0997,-0.01198386019946597,-0.03394555,0.026111705,-0.027832520266039006,0.022408349069123406,test
2023-05-03,1.1049,-0.020019865118138733,-0.033839297,0.028045075,-0.027832520266039006,0.022408349069123406,test
2023-05-04,1.1009,-0.021391680980203318,-0.033745486,0.027677963,-0.027832520266039006,0.022408349069123406,test
2023-05-05,1.1026,-0.018952272462055428,-0.033745486,0.027491743,-0.027832520266039006,0.022408349069123406,test
2023-05-08,1.102,-0.019610268302894474,-0.03361274,0.02871433,-0.027832520266039006,0.022408349069123406,test
2023-05-09,1.0953,-0.016756053972976345,-0.03502841,0.026228575,-0.027832520266039006,0.022408349069123406,test
2023-05-10,1.0966,-0.01914991313080583,-0.033117563,0.02596225,-0.027832520266039006,0.022408349069123406,test
2023-05-11,1.0916,-0.017652138032011266,-0.033293154,0.026113544,-0.027832520266039006,0.022408349069123406,test
2023-05-12,1.0856,-0.013259965252146927,-0.033859108,0.026219048,-0.027832520266039006,0.022408349069123406,test
2023-05-15,1.0874,-0.014076913318382817,-0.03338981,0.025634956,-0.027832520266039006,0.022408349069123406,test
2023-05-16,1.0866,-0.019703239634524042,-0.03349472,0.026310066,-0.027832520266039006,0.022408349069123406,test
2023-05-17,1.083,-0.007228277232105534,-0.033872105,0.026170986,-0.027832520266039006,0.022408349069123406,test
2023-05-18,1.0776,-0.004837218734349891,-0.034349494,0.02608648,-0.027832520266039006,0.022408349069123406,test
2023-05-19,1.0819,-0.009099412831333697,-0.033892874,0.026104838,-0.027832520266039006,0.022408349069123406,test
2023-05-22,1.0806,-0.010325192887505177,-0.034195233,0.02625318,-0.027832520266039006,0.022408349069123406,test
2023-05-23,1.0771,-0.0064266974795201826,-0.03394914,0.026204009,-0.027832520266039006,0.022408349069123406,test
2023-05-24,1.0758,0.0020429016298002534,-0.03423004,0.02482593,-0.027832520266039006,0.022408349069123406,test
2023-05-25,1.0725,0.0022352621768457342,-0.034124274,0.024812598,-0.027832520266039006,0.022408349069123406,test
2023-05-26,1.0713,0.0031686885785952162,-0.034287687,0.028863365,-0.027832520266039006,0.022408349069123406,test
2023-05-30,1.0722,0.006507413500108666,-0.03359869,0.02778806,-0.027832520266039006,0.022408349069123406,test
2023-05-31,1.0654,0.019058820739956184,-0.034393452,0.025458278,-0.027832520266039006,0.022408349069123406,test
2023-06-01,1.0752,0.016693954671554018,-0.03187737,0.024477927,-0.027832520266039006,0.022408349069123406,test
2023-06-02,1.0724,0.018569520607940995,-0.031935986,0.024540687,-0.027832520266039006,0.022408349069123406,test
2023-06-05,1.0721,0.016558354360995356,-0.032534268,0.024947895,-0.027832520266039006,0.022408349069123406,test
2023-06-06,1.0695,0.02365443375925322,-0.032587204,0.02470552,-0.027832520266039006,0.022408349069123406,test
2023-06-07,1.0702,0.023182751452496528,-0.032576967,0.02476542,-0.027832520266039006,0.022408349069123406,test
2023-06-08,1.078,0.009876851418191807,-0.025928346,0.028137354,-0.027832520266039006,0.022408349069123406,test
2023-06-09,1.0749,0.014867072854053004,-0.022620225,0.027692193,-0.027832520266039006,0.022408349069123406,test
2023-06-12,1.0747,0.01971687237457019,-0.022288885,0.025100447,-0.027832520266039006,0.022408349069123406,test
2023-06-13,1.0792,0.010324575488776827,-0.022200435,0.025413688,-0.027832520266039006,0.022408349069123406,test
2023-06-14,1.0859,0.002023919734111576,-0.02573591,0.026089735,-0.027832520266039006,0.022408349069123406,test
2023-06-15,1.0933,-0.0011897681355886314,-0.024123471,0.02868637,-0.027832520266039006,0.022408349069123406,test
2023-06-16,1.0925,-0.0005493499497245952,-0.023326393,0.028206818,-0.027832520266039006,0.022408349069123406,test
2023-06-20,1.09,-0.0029400976709968024,-0.02266765,0.027473168,-0.027832520266039006,0.022408349069123406,test
2023-06-21,1.0951,-0.007148124278009718,-0.025720386,0.027705796,-0.027832520266039006,0.02253217263341293,test
2023-06-22,1.0953,0.0010037870989299535,-0.02539154,0.029111706,-0.027832520266039006,0.022780435909828096,test
2023-06-23,1.0887,0.009507339187720329,-0.021267653,0.027632093,-0.027832520266039006,0.022780435909828096,test
2023-06-26,1.091,0.00748793563501407,-0.021656556,0.028578892,-0.027832520266039006,0.022780435909828096,test
2023-06-27,1.0961,0.014671518376305884,-0.024230443,0.028271334,-0.027832520266039006,0.022780435909828096,test
2023-06-28,1.0904,0.026248226074936265,-0.021438664,0.027699333,-0.027832520266039006,0.022780435909828096,test
2023-06-29,1.0881,0.03219375595689018,-0.021456087,0.027284952,-0.027832520266039006,0.022780435909828096,test
2023-06-30,1.092,0.028526938925238124,-0.02075564,0.027868323,-0.027832520266039006,0.022780435909828096,test
2023-07-03,1.0919,0.027460853002189575,-0.020770857,0.02955375,-0.027832520266039006,0.022780435909828096,test
2023-07-05,1.0868,0.029644558486616804,-0.021159267,0.027205672,-0.027832520266039006,0.022780435909828096,test
2023-07-06,1.0873,0.02381064869371853,-0.021202272,0.027556617,-0.027832520266039006,0.022780435909828096,test
2023-07-07,1.0964,0.014128110381897013,-0.021487504,0.027248593,-0.027832520266039006,0.022780435909828096,test
2023-07-10,1.0991,0.008335646706752756,-0.02075411,0.027741782,-0.027832520266039006,0.022780435909828096,test
2023-07-11,1.0992,0.0052626924837683164,-0.020851409,0.029067235,-0.027832520266039006,0.022780435909828096,test
2023-07-12,1.1123,-0.00405387699898023,-0.026126228,0.027294017,-0.027832520266039006,0.022780435909828096,test
2023-07-13,1.1194,-0.017664482383544733,-0.02736318,0.027465928,-0.027832520266039006,0.02291581364497501,test
2023-07-14,1.1237,-0.01777744788955052,-0.02740723,0.027501449,-0.027832520266039006,0.02320633556783434,test
2023-07-17,1.1236,-0.019411105517228674,-0.024622045,0.02871162,-0.027832520266039006,0.023720872772203958,test
2023-07-18,1.1223,-0.022709816198765026,-0.025103806,0.027863208,-0.027832520266039006,0.024987275192574918,test
2023-07-19,1.1195,-0.023132864913064252,-0.02460616,0.02907049,-0.027832520266039006,0.02509840162451296,test
2023-07-20,1.1135,-0.0170278545869106,-0.028874537,0.028248984,-0.027832520266039006,0.02509840162451296,test
2023-07-21,1.112,-0.007582632467396835,-0.024156876,0.028936807,-0.027832520266039006,0.02509840162451296,test
2023-07-24,1.1083,-0.007517129995145436,-0.021405242,0.030428512,-0.027832520266039006,0.02509840162451296,test
2023-07-25,1.105,-0.008999651670139733,-0.024583818,0.030774541,-0.027832520266039006,0.02509840162451296,test
2023-07-26,1.1078,-0.009341200649677084,-0.021747578,0.026747242,-0.027832520266039006,0.02509840162451296,test
2023-07-27,1.0998,0.0016353233407305906,-0.024631204,0.02679635,-0.027832520266039006,0.02509840162451296,test
2023-07-28,1.1039,-0.0074559356129585835,-0.02441427,0.026939526,-0.027832520266039006,0.02509840162451296,test
2023-07-31,1.102,-0.00893269999480649,-0.024673421,0.026564881,-0.027832520266039006,0.02509840162451296,test
2023-08-01,1.0971,-0.0039271250069195796,-0.024552109,0.0251533,-0.027832520266039006,0.02509840162451296,test
2023-08-02,1.0939,-0.00320469074342232,-0.024657628,0.025185714,-0.027832520266039006,0.02509840162451296,test
2023-08-03,1.0947,-0.006690827398691437,-0.024843402,0.025802013,-0.027832520266039006,0.02509840162451296,test
2023-08-04,1.1036,-0.014696079380291868,-0.024401477,0.024951952,-0.027832520266039006,0.02509840162451296,test
2023-08-07,1.1,-0.010234007449205676,-0.024179563,0.02502534,-0.027832520266039006,0.02509840162451296,test
2023-08-08,1.0951,-0.00963442787475316,-0.02393901,0.024605125,-0.027832520266039006,0.02509840162451296,test
2023-08-09,1.0975,-0.010349499348581398,-0.022082042,0.024325836,-0.027832520266039006,0.02509840162451296,test
2023-08-10,1.1016,-0.017398113051567493,-0.021205924,0.024826106,-0.027832520266039006,0.02509840162451296,test
2023-08-11,1.0957,-0.01563681602996414,-0.022176115,0.023878966,-0.027832520266039006,0.02509840162451296,test
2023-08-14,1.0922,-0.010307472078845137,-0.023646116,0.024887243,-0.027832520266039006,0.02509840162451296,test
2023-08-15,1.0928,-0.0070710611903637005,-0.022936588,0.02504469,-0.027832520266039006,0.02509840162451296,test
2023-08-16,1.0904,0.002015575579294396,-0.02270146,0.02494615,-0.027832520266039006,0.02509840162451296,test
2023-08-17,1.0874,-0.0032238778901159115,-0.022391276,0.024047805,-0.027832520266039006,0.02509840162451296,test
2023-08-18,1.0875,-0.008124871581455709,-0.022535037,0.027435247,-0.027832520266039006,0.02509840162451296,test
2023-08-21,1.0888,-0.014897337733872765,-0.02228588,0.026030557,-0.027832520266039006,0.02509840162451296,test
2023-08-22,1.0846,-0.01224505096010041,-0.02228954,0.024129625,-0.027832520266039006,0.02509840162451296,test
2023-08-23,1.0862,-0.014652956226780922,-0.022116022,0.023525689,-0.027832520266039006,0.02509840162451296,test
2023-08-24,1.0826,-0.01086613895604821,-0.022227108,0.023673639,-0.027832520266039006,0.02509840162451296,test
2023-08-25,1.0787,-0.003994246172355526,-0.022019975,0.0237225,-0.027832520266039006,0.02509840162451296,test
2023-08-28,1.081,-0.007800931090383434,-0.022013329,0.023402344,-0.027832520266039006,0.02509840162451296,test
2023-08-29,1.0851,-0.01056152118607201,-0.021843184,0.023554867,-0.027832520266039006,0.02509840162451296,test
2023-08-30,1.0926,-0.024646851235827383,-0.02096896,0.024807109,-0.027832520266039006,0.02509840162451296,test
2023-08-31,1.0839,-0.015433552901785108,-0.021691527,0.02460422,-0.027832520266039006,0.02509840162451296,test
2023-09-01,1.0787,-0.008565362858923148,-0.021491593,0.023682112,-0.027832520266039006,0.02509840162451296,test
2023-09-05,1.0727,-0.004016632367577724,-0.022109877,0.024559226,-0.027832520266039006,0.02509840162451296,test
2023-09-06,1.0714,9.333146677173443e-05,-0.021912431,0.023402851,-0.027832520266039006,0.02509840162451296,test
2023-09-07,1.0704,-0.003743920509465107,-0.022207376,0.024754994,-0.027832520266039006,0.02509840162451296,test
2023-09-08,1.0709,-0.004586090681039406,-0.023348896,0.02397702,-0.027832520266039006,0.02509840162451296,test
2023-09-11,1.0744,-0.014342875359404372,-0.021598779,0.023736304,-0.027832520266039006,0.02509840162451296,test
2023-09-12,1.0726,-0.01436711881034406,-0.021950822,0.02456411,-0.027832520266039006,0.02509840162451296,test
2023-09-13,1.0737,-0.021368535563138842,-0.022226283,0.026460608,-0.027832520266039006,0.02509840162451296,test
2023-09-14,1.066,-0.0077220460939102925,-0.022139862,0.025127612,-0.027832520266039006,0.02509840162451296,test
2023-09-15,1.0673,-0.008373761119173262,-0.021913504,0.02477836,-0.027832520266039006,0.02509840162451296,test
2023-09-18,1.0695,-0.018401085370891128,-0.021914585,0.024976043,-0.027832520266039006,0.02509840162451296,test
2023-09-19,1.0684,-0.021858276697144456,-0.021892007,0.025293158,-0.027832520266039006,0.02509840162451296,test
2023-09-20,1.0715,-0.018556553758387724,-0.021382922,0.02480241,-0.027832520266039006,0.02509840162451296,test
2023-09-21,1.0664,-0.012930197607219827,-0.022111844,0.025373988,-0.027832520266039006,0.02509840162451296,test
2023-09-22,1.066,-0.006021847327875175,-0.022127062,0.02562416,-0.027832520266039006,0.02509840162451296,test
2023-09-25,1.0591,0.0025460902999477134,-0.022388749,0.025165828,-0.027832520266039006,0.02509840162451296,test
2023-09-26,1.0573,0.004435434063403444,-0.022007737,0.025235659,-0.027832520266039006,0.02509840162451296,test
2023-09-27,1.051,0.004082994800093359,-0.020905595,0.025881821,-0.027832520266039006,0.02509840162451296,test
2023-09-28,1.0578,-0.00721065742812068,-0.022862427,0.02482264,-0.027832520266039006,0.02509840162451296,test
2023-09-29,1.0584,-0.0035967857043765483,-0.020848513,0.023881849,-0.027832520266039006,0.02509840162451296,test
2023-10-02,1.05,0.008818148450881233,-0.019680075,0.02485807,-0.027832520266039006,0.02509840162451296,test
2023-10-03,1.0453,0.007529223083492888,-0.01919753,0.024870424,-0.027832520266039006,0.02509840162451296,test
2023-10-04,1.0518,0.004931724714993695,-0.018988118,0.024975073,-0.027832520266039006,0.02509840162451296,test
2023-10-05,1.0527,0.006155613925464591,-0.018575782,0.02520359,-0.027832520266039006,0.02509840162451296,test
2023-10-06,1.0596,0.0047076633407422755,-0.02067483,0.025370246,-0.027832520266039006,0.02509840162451296,test
2023-10-10,1.0618,-0.002168482441217319,-0.020987863,0.02532031,-0.027832520266039006,0.02509840162451296,test
2023-10-11,1.062,-0.0034900757022053794,-0.02132304,0.02658504,-0.027832520266039006,0.02509840162451296,test
2023-10-12,1.0553,-0.0019919380548901675,-0.023109248,0.025297193,-0.027832520266039006,0.02509840162451296,test
2023-10-13,1.0502,0.00853328397898475,-0.0184512,0.024931157,-0.027832520266039006,0.02509840162451296,test
2023-10-16,1.0546,0.006992374705514809,-0.020825872,0.024893617,-0.027832520266039006,0.02509840162451296,test
2023-10-17,1.0593,-0.0023628383943348,-0.023190744,0.025840359,-0.027832520266039006,0.02509840162451296,test
2023-10-18,1.0532,0.0005695301530312183,-0.020374065,0.025419526,-0.027832520266039006,0.02509840162451296,test
2023-10-19,1.057,0.004530874279333609,-0.0228297,0.025881616,-0.027832520266039006,0.02509840162451296,test
2023-10-20,1.0592,0.013224108304734958,-0.023452839,0.025561986,-0.027832520266039006,0.02509840162451296,test
2023-10-23,1.0646,0.00944241110845058,-0.023804741,0.0263573,-0.027832520266039006,0.02509840162451296,test
2023-10-24,1.0595,0.008645857822497147,-0.023225514,0.026086483,-0.027832520266039006,0.02509840162451296,test
2023-10-25,1.0583,0.012395688813952789,-0.023875766,0.026203439,-0.027832520266039006,0.02509840162451296,test
2023-10-26,1.0532,0.016759642825594473,-0.020947892,0.025692897,-0.027832520266039006,0.02509840162451296,test
2023-10-27,1.0592,0.010144742273208232,-0.023265144,0.026125358,-0.027832520266039006,0.02509840162451296,test
2023-10-30,1.062,0.022439375484106225,-0.023936404,0.02680936,-0.027832520266039006,0.02509840162451296,test
2023-10-31,1.0568,0.02661097224385367,-0.020701949,0.026044397,-0.027832520266039006,0.02509840162451296,test
2023-11-01,1.0538,0.02926946985097644,-0.018683495,0.026048094,-0.027832520266039006,0.02509840162451296,test
2023-11-02,1.0618,0.024283651277465866,-0.021197788,0.0270973,-0.027832520266039006,0.02509840162451296,test
2023-11-03,1.0733,0.01955962347543902,-0.023679538,0.02741214,-0.027832520266039006,0.02509840162451296,test
2023-11-06,1.0747,0.01624401200238991,-0.023619315,0.027173532,-0.027832520266039006,0.02509840162451296,test
2023-11-07,1.0687,0.01707064367910363,-0.023587447,0.025922095,-0.027832520266039006,0.02509840162451296,test
2023-11-08,1.0715,0.020232571547267222,-0.02432992,0.026796233,-0.027832520266039006,0.02509840162451296,test
2023-11-09,1.071,0.02097365189343127,-0.024711452,0.027976906,-0.027832520266039006,0.02509840162451296,test
2023-11-13,1.07,0.028287692573394155,-0.024082026,0.02894909,-0.027832520266039006,0.02509840162451296,test
2023-11-14,1.0861,0.00989472113129801,-0.03174277,0.031401075,-0.027832520266039006,0.02509840162451296,test
2023-11-15,1.0853,0.005054925519464251,-0.03255118,0.031784117,-0.027832520266039006,0.025762240434847105,test
2023-11-16,1.0851,0.0024851593626985524,-0.031628817,0.03190982,-0.027832520266039006,0.026120835245083778,test
2023-11-17,1.0879,-0.005068434570458746,-0.032182388,0.030469418,-0.027832520266039006,0.026120835245083778,test
2023-11-20,1.0945,-0.014541025581534292,-0.03286983,0.030997291,-0.027832520266039006,0.026120835245083778,test
2023-11-21,1.0923,-0.012250878591362868,-0.031097874,0.03265194,-0.027832520266039006,0.026120835245083778,test
2023-11-22,1.0871,-0.007108269025412298,-0.030708395,0.03192651,-0.027832520266039006,0.026120835245083778,test
2023-11-24,1.0934,-0.017343608166177735,-0.031493347,0.030110242,-0.0271716763203402,0.026120835245083778,test
2023-11-27,1.0937,-0.01752489049407241,-0.03267586,0.030477952,-0.026920701698764603,0.026120835245083778,test
2023-11-28,1.1007,-0.019911654771211443,-0.032561906,0.02985292,-0.026920701698764603,0.02626636338338212,test
2023-11-29,1.0969,-0.016175336585987868,-0.02857509,0.031242138,-0.026920701698764603,0.02626636338338212,test
2023-11-30,1.0908,0.008126043345455233,-0.028506631,0.031124052,-0.026920701698764603,0.02626636338338212,test
2023-12-01,1.0878,0.0025706955031007395,-0.028810289,0.03079155,-0.026920701698764603,0.02626636338338212,test
2023-12-04,1.0824,0.008830079448272118,-0.028983567,0.029922243,-0.026920701698764603,0.02626636338338212,test
2023-12-05,1.0787,0.017460469311887356,-0.02936319,0.032866992,-0.026920701698764603,0.02626636338338212,test
2023-12-06,1.079,0.015358742153212881,-0.029266795,0.029319435,-0.026920701698764603,0.02626636338338212,test
2023-12-07,1.0794,0.017995344219079,-0.029145572,0.029518941,-0.026920701698764603,0.02626636338338212,test
2023-12-08,1.0746,0.024088688884358125,-0.029082032,0.028782262,-0.026920701698764603,0.02626636338338212,test
2023-12-11,1.0747,0.026445393849683432,-0.029202547,0.030142214,-0.026920701698764603,0.02626636338338212,test
2023-12-12,1.079,0.029585795587686203,-0.028807748,0.028698418,-0.026920701698764603,0.02626636338338212,test
2023-12-13,1.0793,0.025611936872761976,-0.026533673,0.02728103,-0.026920701698764603,0.02626636338338212,test
2023-12-14,1.0997,0.00589330324368903,-0.032331683,0.029344788,-0.026920701698764603,0.02626636338338212,test
2023-12-15,1.0906,0.0046654249193863045,-0.03299072,0.027394038,-0.026920701698764603,0.02626636338338212,test
2023-12-18,1.092,-0.0010078337011393684,-0.032927576,0.027158367,-0.026920701698764603,0.02626636338338212,test
2023-12-19,1.0977,-0.0018236532819232154,-0.032927576,0.027744243,-0.026920701698764603,0.02626636338338212,test
2023-12-20,1.0957,0.0,-0.032927576,0.027612852,-0.026920701698764603,0.02626636338338212,test
2023-12-21,1.099,-0.0012746974320006488,-0.033283662,0.029216263,-0.026920701698764603,0.02626636338338212,test
2023-12-22,1.1008,-0.0066536270622567645,-0.034322258,0.028236808,-0.026920701698764603,0.02626636338338212,test
2023-12-26,1.1035,-0.0068197581888300995,-0.033728838,0.029019753,-0.026920701698764603,0.026453672769391937,test
2023-12-27,1.1114,-0.01550559242142345,-0.03378214,0.029487342,-0.026920701698764603,0.02662505069534204,test
2023-12-28,1.1073,-0.010348676234715942,-0.033728838,0.029681742,-0.026920701698764603,0.02662505069534204,test
2023-12-29,1.1062,-0.016405763508752697,-0.03367732,0.03003586,-0.026920701698764603,0.02662505069534204,test
2024-01-02,1.0957,-0.009076385939996712,-0.032953765,0.02778207,-0.026920701698764603,0.02662505069534204,test
2024-01-03,1.0909,-0.00422561716400581,-0.032997254,0.028107103,-0.026920701698764603,0.02662505069534204,test
2024-01-04,1.0957,-0.006409104524213172,-0.03392936,0.028491022,-0.026920701698764603,0.02662505069534204,test
2024-01-05,1.0957,-0.005674553026673024,-0.03383257,0.029157473,-0.026920701698764603,0.02662505069534204,test
2024-01-08,1.0976,-0.013483350337286981,-0.033624623,0.028637914,-0.026920701698764603,0.02662505069534204,test
2024-01-09,1.0935,-0.0031141259825095413,-0.033766523,0.028798446,-0.026920701698764603,0.02662505069534204,test
2024-01-10,1.096,-0.011286076579011303,-0.03367732,0.028711602,-0.026920701698764603,0.02662505069534204,test
2024-01-11,1.0943,-0.00706133430697467,-0.033766523,0.028799474,-0.026920701698764603,0.02662505069534204,test
2024-01-12,1.0959,-0.013966964160226664,-0.033766523,0.02841831,-0.026920701698764603,0.02662505069534204,test
2024-01-16,1.0882,-0.0034981164273145265,-0.033532716,0.025965907,-0.026920701698764603,0.02662505069534204,test
2024-01-17,1.0858,-0.00027633215300434943,-0.03346108,0.025943236,-0.026920701698764603,0.02662505069534204,test
2024-01-18,1.0863,0.00018409425677910762,-0.03346108,0.026232863,-0.026920701698764603,0.02662505069534204,test
2024-01-19,1.0887,-0.009227711505750968,-0.03311159,0.025745602,-0.026920701698764603,0.02662505069534204,test
2024-01-22,1.0895,-0.014701388167257037,-0.032810587,0.026242588,-0.026920701698764603,0.02662505069534204,test
2024-01-23,1.0829,-0.007228947143151407,-0.033954892,0.026112298,-0.026920701698764603,0.02662505069534204,test
2024-01-24,1.0901,-0.012182891799477694,-0.03233606,0.025638465,-0.026920701698764603,0.02662505069534204,test
2024-01-25,1.0837,-0.005830380682516317,-0.03313371,0.025669988,-0.026920701698764603,0.02662505069534204,test
2024-01-26,1.0866,-0.007760571099854313,-0.03218872,0.025503648,-0.026920701698764603,0.02662505069534204,test
2024-01-29,1.0807,-0.003058248062686633,-0.03273934,0.02571885,-0.026920701698764603,0.02662505069534204,test
2024-01-30,1.0844,-0.011500775993763132,-0.03166426,0.025588388,-0.026920701698764603,0.02662505069534204,test
2024-01-31,1.0855,-0.011116371999510821,-0.032839596,0.026318906,-0.026920701698764603,0.02662505069534204,test
2024-02-01,1.0865,-0.009618126490137713,-0.032202914,0.025606938,-0.026920701698764603,0.02662505069534204,test
2024-02-02,1.0787,-0.0016700690465481505,-0.031658463,0.026176162,-0.026920701698764603,0.02662505069534204,test
2024-02-05,1.0736,0.007239010730486953,-0.03287241,0.026244706,-0.026920701698764603,0.02662505069534204,test
2024-02-06,1.0751,0.006212639946144363,-0.031578384,0.025896491,-0.026920701698764603,0.02662505069534204,test
2024-02-07,1.0769,0.0042624230582781475,-0.031616043,0.025983246,-0.026920701698764603,0.02662505069534204,test
2024-02-08,1.0774,0.0049995474937128,-0.03146558,0.026697274,-0.026920701698764603,0.02662505069534204,test
2024-02-09,1.0782,0.006747726300778051,-0.031210005,0.026855677,-0.026920701698764603,0.02662505069534204,test
2024-02-12,1.0774,0.007674208991373249,-0.023402678,0.02930381,-0.026920701698764603,0.026453672769391937,test
2024-02-13,1.072,0.011408554847388938,-0.023596592,0.026442796,-0.026920701698764603,0.026453672769391937,test
2024-02-14,1.0735,0.006684640990284305,-0.023473635,0.025745306,-0.026920701698764603,0.026453672769391937,test
2024-02-15,1.0761,0.006576228951663848,-0.022977311,0.027404932,-0.026920701698764603,0.026453672769391937,test
2024-02-16,1.0769,0.00859882326590973,-0.022757046,0.024307236,-0.026920701698764603,0.026453672769391937,test
2024-02-20,1.0814,0.004336800338086019,-0.02258772,0.026076192,-0.026920701698764603,0.026453672769391937,test
2024-02-21,1.0818,0.008743325681717415,-0.022929063,0.027249614,-0.026920701698764603,0.026453672769391937,test
2024-02-22,1.0815,0.011583141089630933,-0.02113872,0.02678082,-0.026920701698764603,0.026453672769391937,test
2024-02-23,1.0828,0.010381828742598201,-0.021378515,0.027128736,-0.026920701698764603,0.026453672769391937,test
2024-02-26,1.0855,0.006702499498179165,-0.0211292,0.027557563,-0.026920701698764603,0.026453672769391937,test
2024-02-27,1.0857,0.005602770109850774,-0.02110743,0.029653331,-0.026920701698764603,0.026453672769391937,test
2024-02-28,1.0843,0.009271650390149752,-0.021290706,0.027497265,-0.026920701698764603,0.026453672769391937,test
2024-02-29,1.0807,0.007467193028136379,-0.020920165,0.024414634,-0.026920701698764603,0.026453672769391937,test
2024-03-01,1.0832,0.005156549179245823,-0.021080919,0.025369605,-0.026920701698764603,0.026453672769391937,test
2024-03-04,1.0862,0.0022071003993547195,-0.020846821,0.023091149,-0.02626407505493494,0.026453672769391937,test
2024-03-05,1.0861,-0.00018416206313556782,-0.02086204,0.025175544,-0.025843491002486386,0.026453672769391937,test
2024-03-06,1.0913,-0.005236816598384791,-0.020784847,0.024857048,-0.02576672511418276,0.026453672769391937,test
2024-03-07,1.0941,-0.007338809196753879,-0.021030238,0.026270686,-0.025584747807041102,0.026453672769391937,test
2024-03-08,1.0941,-0.01139822984650031,-0.020972487,0.025737112,-0.025584747807041102,0.026453672769391937,test
2024-03-11,1.0928,-0.008362097887575998,-0.020838583,0.024427434,-0.025584747807041102,0.026453672769391937,test
2024-03-12,1.0918,-0.008185082713323605,-0.020838583,0.024559043,-0.024822635330915256,0.026453672769391937,test
2024-03-13,1.0944,-0.011302670290682992,-0.020906625,0.028854638,-0.024822635330915256,0.026453672769391937,test
2024-03-14,1.0888,-0.008022542912827793,-0.02095114,0.02685416,-0.024822635330915256,0.026453672769391937,test
2024-03-15,1.0888,-0.008948811967568415,-0.020966358,0.027635943,-0.024822635330915256,0.026453672769391937,test
2024-03-18,1.0886,-0.014154452512621027,-0.021022465,0.024905082,-0.024822635330915256,0.026453672769391937,test
2024-03-19,1.0859,-0.008322592888019634,-0.021390727,0.02258,-0.024822635330915256,0.026453672769391937,test
2024-03-20,1.0856,-0.002674908203806725,-0.021531165,0.022685096,-0.024822635330915256,0.026453672769391937,test
2024-03-21,1.0861,0.0003682224104939319,-0.021677136,0.025888873,-0.024822635330915256,0.026453672769391937,test
2024-03-22,1.0817,0.0022162720310021367,-0.021713404,0.024813995,-0.024822635330915256,0.026453672769391937,test
2024-03-25,1.0837,0.0014753345230195808,-0.021851601,0.020436665,-0.024822635330915256,0.026453672769391937,test
2024-03-26,1.0829,0.00249020188632558,-0.021805933,0.02079439,-0.024822635330915256,0.026453672769391937,test
2024-03-27,1.0821,-0.00779297013751315,-0.022081394,0.02079439,-0.024822635330915256,0.026453672769391937,test
2024-03-28,1.0801,-0.007341017030991118,-0.021705186,0.021002132,-0.024822635330915256,0.026453672769391937,test
2024-03-29,1.0791,-0.01343429104912744,-0.021826629,0.02344772,-0.024822635330915256,0.026453672769391937,test
2024-04-01,1.0733,-0.008326754383944514,-0.022033507,0.021602457,-0.024822635330915256,0.026453672769391937,test
2024-04-02,1.0769,-0.01317960844917681,-0.021448493,0.021204349,-0.024822635330915256,0.026453672769391937,test
2024-04-03,1.0827,-0.017046661213318444,-0.021031212,0.022712657,-0.024822635330915256,0.026453672769391937,test
2024-04-04,1.0865,-0.019048194970694446,-0.02084281,0.024496637,-0.024822635330915256,0.026453672769391937,test
2024-04-05,1.0841,-0.0173059771285744,-0.021016618,0.023055343,-0.024822635330915256,0.026453672769391937,test
2024-04-08,1.0853,-0.018412273913297472,-0.021248061,0.025111796,-0.024822635330915256,0.026453672769391937,test
2024-04-09,1.0856,-0.014941579998199075,-0.021248061,0.02552402,-0.024822635330915256,0.026453672769391937,test
2024-04-10,1.0737,-0.004667670909238891,-0.021533577,0.023820674,-0.024822635330915256,0.026453672769391937,test
2024-04-11,1.0722,-9.327053124329188e-05,-0.021507323,0.023092642,-0.024822635330915256,0.026453672769391937,test
2024-04-12,1.0647,0.00365631120311051,-0.02168811,0.025468701,-0.024752874866816925,0.026453672769391937,test
2024-04-15,1.0644,0.006834912615417334,-0.021377794,0.025458833,-0.024652073088039617,0.026453672769391937,test
2024-04-16,1.0628,0.005255267350147412,-0.021530008,0.025271574,-0.024652073088039617,0.026453672769391937,test
2024-04-17,1.0644,0.003376480416606077,-0.022109892,0.024014037,-0.024652073088039617,0.026453672769391937,test
2024-04-18,1.066,0.004305913233490999,-0.0221145,0.024014037,-0.024652073088039617,0.026453672769391937,test
2024-04-19,1.0655,0.010735225617716795,-0.022342326,0.027288366,-0.024652073088039617,0.026453672769391937,test
2024-04-22,1.0655,0.011570531248911081,-0.02238215,0.028258624,-0.024652073088039617,0.026453672769391937,test
2024-04-23,1.0695,0.006709558299211049,-0.022373242,0.02805565,-0.024652073088039617,0.026453672769391937,test
2024-04-24,1.0687,0.006342713176933634,-0.021800144,0.027982548,-0.024652073088039617,0.026453672769391937,test
2024-04-25,1.0721,0.0046529024945303615,-0.021392196,0.02496507,-0.024652073088039617,0.026453672769391937,test
2024-04-26,1.0686,0.008108530376475812,-0.021585288,0.025462342,-0.02453863646435186,0.026453672769391937,test
2024-04-29,1.0717,0.007344429424898033,-0.021092707,0.025156135,-0.024228402711348827,0.026453672769391937,test
2024-04-30,1.0684,0.012464118201520852,-0.02145822,0.025657658,-0.024114030907532894,0.026453672769391937,test
2024-05-01,1.068,0.01671348097374062,-0.021645604,0.025070725,-0.023439164925696462,0.026453672769391937,test
2024-05-02,1.0706,0.015662245003558173,-0.021227885,0.024768284,-0.023246355992010095,0.026453672769391937,test
2024-05-03,1.077,0.0091502094127527,-0.020898359,0.026422339,-0.023138124829929742,0.026453672769391937,test
2024-05-06,1.0779,0.007578594498407615,-0.020845868,0.026851455,-0.022730968634479987,0.026453672769391937,test
2024-05-07,1.0767,0.008139902496675178,-0.020845868,0.026965836,-0.022730968634479987,0.026453672769391937,test
2024-05-08,1.0755,0.007503161503155303,-0.020902546,0.02708355,-0.022730968634479987,0.026453672769391937,test
2024-05-09,1.0771,0.005185676960128102,-0.02071927,0.026962807,-0.022730968634479987,0.026453672769391937,test
2024-05-10,1.0773,0.007306390884629851,-0.020876717,0.030135015,-0.022730968634479987,0.026453672769391937,test
2024-05-13,1.0796,0.007658630283187556,-0.020982437,0.028829502,-0.022730968634479987,0.026453672769391937,test
2024-05-14,1.0818,-0.0006472791386010202,-0.021222232,0.029243307,-0.022730968634479987,0.026453672769391937,test
2024-05-15,1.086,-0.002120109564931208,-0.02249328,0.029397668,-0.022730968634479987,0.026453672769391937,test
2024-05-16,1.0875,-0.002670228555878798,-0.021827802,0.029316166,-0.022730968634479987,0.026453672769391937,test
2024-05-17,1.0869,0.0019302363638192266,-0.021211213,0.029578194,-0.022730968634479987,0.026453672769391937,test
2024-05-20,1.0861,0.001564009702870045,-0.021222785,0.029456666,-0.022730968634479987,0.026453672769391937,test
2024-05-21,1.0855,0.000920810378137904,-0.021233805,0.027083065,-0.022730968634479987,0.026453672769391937,test
2024-05-22,1.0836,0.00432801449107606,-0.02126075,0.03073585,-0.022730968634479987,0.026453672769391937,test
2024-05-23,1.0827,-0.0018489420077326402,-0.021370325,0.029305007,-0.022730968634479987,0.026453672769391937,test
2024-05-24,1.0852,-0.009350621293594319,-0.021245532,0.029189978,-0.022730968634479987,0.026453672769391937,test
2024-05-28,1.0879,-0.01351121793955841,-0.021132061,0.028648997,-0.022730968634479987,0.026258084463673614,test
2024-05-29,1.0811,0.0029555761794106405,-0.020851465,0.025653772,-0.022730968634479987,0.026120835245083778,test
2024-05-30,1.0837,-0.00750246653424011,-0.02096493,0.026711415,-0.022730968634479987,0.025762240434847105,test
2024-05-31,1.0846,-0.013646069262399349,-0.021175727,0.024885634,-0.022730968634479987,0.025762240434847105,test
2024-06-03,1.089,-0.015453969706860457,-0.020767303,0.025819287,-0.022730968634479987,0.025762240434847105,test
2024-06-04,1.0878,-0.012860426124689586,-0.020965798,0.025818193,-0.022730968634479987,0.025762240434847105,test
2024-06-05,1.0865,-0.014555488050286933,-0.021340935,0.023548849,-0.022730968634479987,0.025762240434847105,test
2024-06-06,1.0883,-0.017519102187384908,-0.021344842,0.025587447,-0.022730968634479987,0.025762240434847105,test
2024-06-07,1.0807,-0.007430144705736386,-0.02111237,0.024215046,-0.022730968634479987,0.025762240434847105,test
2024-06-10,1.0751,-0.004287851461444822,-0.021451754,0.023822399,-0.022730968634479987,0.025762240434847105,test
2024-06-11,1.0733,-0.004763025581808675,-0.021748967,0.023585381,-0.022730968634479987,0.025762240434847105,test
2024-06-12,1.0843,-0.012528584831938874,-0.020934565,0.026660698,-0.022333941328014587,0.025762240434847105,test
2024-06-13,1.0756,-0.004192487624125593,-0.02129189,0.025164701,-0.021976652379776498,0.025762240434847105,test
2024-06-14,1.0699,0.0027068668229078136,-0.021644881,0.025061073,-0.021863307307433154,0.025762240434847105,test
2024-06-17,1.0723,0.0013047532139899148,-0.021839667,0.024648407,-0.021863307307433154,0.025762240434847105,test
2024-06-18,1.0739,0.005571562374543246,-0.021771532,0.024837459,-0.02167705245252009,0.025762240434847105,test
2024-06-20,1.0708,0.011144246093948679,-0.021716636,0.024790432,-0.02167705245252009,0.025762240434847105,test
2024-06-21,1.0694,0.013098798461782551,-0.02211464,0.0256883,-0.02167705245252009,0.025762240434847105,test
2024-06-24,1.0727,0.007985186348107798,-0.021551259,0.0248718,-0.021665608422978024,0.025762240434847105,test
2024-06-25,1.0705,0.01096257727136328,-0.021609092,0.025512373,-0.021665608422978024,0.025762240434847105,test
2024-06-26,1.0682,0.017446619215539444,-0.021746755,0.025779225,-0.021665608422978024,0.025762240434847105,test
2024-06-27,1.0708,0.01795513298398313,-0.022081574,0.025503604,-0.021665608422978024,0.025762240434847105,test
2024-06-28,1.0711,0.018591850318613698,-0.021609092,0.025998399,-0.021665608422978024,0.025762240434847105,test
2024-07-01,1.0728,0.01452854870713341,-0.021781513,0.02620727,-0.021665608422978024,0.025762240434847105,test
2024-07-02,1.0737,0.01809001800034915,-0.021813005,0.029024525,-0.021665608422978024,0.025762240434847105,test
2024-07-03,1.0799,0.010501201880329963,-0.021320185,0.027186947,-0.021665608422978024,0.025762240434847105,test
2024-07-05,1.0828,0.0055258935971102124,-0.021565558,0.027180718,-0.021405372336785727,0.025762240434847105,test
2024-07-08,1.0835,0.004144606439474355,-0.021989688,0.027359227,-0.021369692833992066,0.025762240434847105,test
2024-07-09,1.0813,0.0038766893668551045,-0.021078655,0.02745743,-0.02033126640129843,0.025762240434847105,test
2024-07-10,1.0823,0.0027680401508684283,-0.021358596,0.0277532,-0.02003270552660766,0.025762240434847105,test
2024-07-11,1.087,-0.0008283098352189905,-0.022678621,0.02930415,-0.019946805146318906,0.025762240434847105,test
2024-07-12,1.0902,-0.003952029407325697,-0.022344286,0.026990809,-0.019913220026883078,0.025762240434847105,test
2024-07-15,1.0912,-0.008559253395669805,-0.022359503,0.028822316,-0.019713660391358412,0.025762240434847105,test
2024-07-16,1.0885,-0.0070065742524449415,-0.02146115,0.027018426,-0.019614916869475953,0.025762240434847105,test
2024-07-17,1.0933,-0.010112239139338286,-0.022344286,0.027349597,-0.019585994014966513,0.025762240434847105,test
2024-07-18,1.0913,-0.011427642561749704,-0.020967351,0.027416995,-0.019585994014966513,0.025762240434847105,test
2024-07-19,1.0888,0.0023851034148751893,-0.020952133,0.028215917,-0.019585994014966513,0.025762240434847105,test
2024-07-22,1.088,0.007052279995459501,-0.020980304,0.027134772,-0.019585994014966513,0.025762240434847105,test
2024-07-23,1.0855,0.006519466643270841,-0.021013094,0.025800524,-0.019585994014966513,0.025762240434847105,test
2024-07-24,1.0853,0.006612201517776042,-0.02136555,0.029910212,-0.019585994014966513,0.025762240434847105,test
2024-07-25,1.0861,0.00486797746614108,-0.02131937,0.029080039,-0.019585994014966513,0.025762240434847105,test
2024-07-26,1.0859,0.006059511746890386,-0.021273702,0.029389897,-0.019585994014966513,0.025762240434847105,test
2024-07-29,1.0819,0.010024455122997808,-0.02173535,0.025056494,-0.019585994014966513,0.025762240434847105,test
2024-07-30,1.0809,0.013325565927463673,-0.021778155,0.024832679,-0.019585994014966513,0.025762240434847105,test
2024-07-31,1.0823,0.018401214958293402,-0.022015765,0.022645181,-0.019585994014966513,0.025762240434847105,test
2024-08-01,1.0789,0.018094638351225656,-0.021956427,0.02107509,-0.019585994014966513,0.025762240434847105,test
2024-08-02,1.0914,0.007485201538959069,-0.02083642,0.0285213,-0.019585994014966513,0.025762240434847105,test
2024-08-05,1.0957,0.010260225297289358,-0.02055191,0.029021263,-0.019585994014966513,0.025762240434847105,test
2024-08-06,1.0926,0.016340232845889563,-0.020590428,0.028973639,-0.019585994014966513,0.025762240434847105,test
2024-08-07,1.0925,0.019757757083263064,-0.020605646,0.030211672,-0.019585994014966513,0.025762240434847105,test
2024-08-08,1.0914,0.01815920609368933,-0.020750405,0.027594,-0.019585994014966513,0.025762240434847105,test
2024-08-09,1.0925,0.02271488097300675,-0.02085469,0.028811859,-0.019585994014966513,0.025762240434847105,test
2024-08-12,1.0928,0.021366012845641547,-0.02110008,0.031952664,-0.019585994014966513,0.025762240434847105,test
2024-08-13,1.0954,0.018631270591635454,-0.021046344,0.030716483,-0.019585994014966513,0.025762240434847105,test
2024-08-14,1.1024,0.009299872904260653,-0.02220037,0.029067215,-0.019585994014966513,0.025762240434847105,test
2024-08-15,1.0986,0.0090613160771843,-0.022183292,0.027806547,-0.019585994014966513,0.025762240434847105,test
2024-08-16,1.0996,0.005803425791189629,-0.020808458,0.028631542,-0.019585994014966513,0.025762240434847105,test
2024-08-19,1.107,-0.0024420036555516805,-0.020586118,0.02802073,-0.019585994014966513,0.025762240434847105,test
2024-08-20,1.1106,-0.0022535728652270104,-0.02101628,0.027224941,-0.019585994014966513,0.025762240434847105,test
2024-08-21,1.1143,-0.004226815052386548,-0.022842616,0.027880505,-0.01941978606241049,0.025762240434847105,test
2024-08-22,1.1114,-0.0025225238601164907,-0.021677228,0.02879339,-0.01916297275012697,0.025762240434847105,test
2024-08-23,1.1176,-0.012062438092807687,-0.023408823,0.028515225,-0.019053280878700014,0.025762240434847105,test
2024-08-26,1.1164,-0.012528894341166066,-0.023521993,0.029109087,-0.01895706858748738,0.025762240434847105,test
2024-08-27,1.116,-0.013350369672804133,-0.021326495,0.029386377,-0.018576339693571108,0.025762240434847105,test
2024-08-28,1.1127,-0.007758970718563435,-0.020350024,0.029219164,-0.018576339693571108,0.025762240434847105,test
2024-08-29,1.1086,-9.020792933814303e-05,-0.020502826,0.028076451,-0.018576339693571108,0.025762240434847105,test
2024-08-30,1.106,0.005680040515703463,-0.02108629,0.030206956,-0.018576339693571108,0.025762240434847105,test
2024-09-03,1.1043,0.00676867346628382,-0.021297222,0.029470863,-0.018576339693571108,0.025762240434847105,test
2024-09-04,1.1081,0.003153581926068738,-0.020387543,0.027955985,-0.018576339693571108,0.025762240434847105,test
2024-09-05,1.1096,0.0045857203949560554,-0.020262906,0.02909665,-0.018576339693571108,0.025762240434847105,test
2024-09-06,1.1086,0.0065632962059511,-0.020377003,0.029822351,-0.018576339693571108,0.025762240434847105,test
2024-09-09,1.1042,0.007937981425600524,-0.021424746,0.028592339,-0.018576339693571108,0.025762240434847105,test
2024-09-10,1.1025,0.011274076573218036,-0.022131516,0.025408601,-0.018576339693571108,0.025762240434847105,test
2024-09-11,1.1012,0.011825910784556096,-0.022459842,0.02667382,-0.018576339693571108,0.025762240434847105,test
2024-09-12,1.1041,0.012868569034454477,-0.021836383,0.023989715,-0.018576339693571108,0.025762240434847105,test
2024-09-13,1.1085,0.006653504135289243,-0.020781659,0.025404707,-0.018576339693571108,0.025762240434847105,test
2024-09-16,1.1123,0.0019759302279399316,-0.020818647,0.026489407,-0.018576339693571108,0.025762240434847105,test
2024-09-17,1.1118,-0.004597709248629359,-0.020912906,0.025079416,-0.018576339693571108,0.025762240434847105,test
2024-09-18,1.1116,-0.005955083916495407,-0.021006286,0.024247095,-0.018576339693571108,0.025762240434847105,test
2024-09-19,1.1147,-0.011912423153180071,-0.020795489,0.025951676,-0.018576339693571108,0.025762240434847105,test
2024-09-20,1.1159,-0.017902828969977663,-0.020883676,0.028941402,-0.018576339693571108,0.025762240434847105,test
2024-09-23,1.113,-0.013933094303924129,-0.020949284,0.024475046,-0.018576339693571108,0.025762240434847105,test
2024-09-24,1.115,-0.016275223618988907,-0.0207352,0.023780128,-0.018419487905551986,0.025762240434847105,test
2024-09-25,1.1143,-0.017380721771294863,-0.020918477,0.023789272,-0.018401644798011443,0.025762240434847105,test
2024-09-26,1.1184,-0.023430444509800627,-0.020626603,0.024166113,-0.017808629763617547,0.025762240434847105,test
2024-09-27,1.1159,-0.01963775156192983,-0.020601297,0.024422009,-0.017670130658845023,0.025762240434847105,test
2024-09-30,1.1145,-0.022319924930657556,-0.020601297,0.02509172,-0.01765275524958794,0.025762240434847105,test
2024-10-01,1.1067,-0.017685055267035926,-0.021525761,0.024348756,-0.017531252870969353,0.025762240434847105,test
2024-10-02,1.105,-0.019464223022903557,-0.021783527,0.022721618,-0.017519391602719283,0.025762240434847105,test
2024-10-03,1.1015,-0.014724304613093361,-0.02206137,0.023871114,-0.017519391602719283,0.025762240434847105,test
2024-10-04,1.0961,-0.012947244815250877,-0.02216058,0.024154512,-0.017531252870969353,0.025762240434847105,test
2024-10-07,1.0976,-0.015702081024680015,-0.022094483,0.023335446,-0.017531252870969353,0.025762240434847105,test
2024-10-08,1.097,-0.017564477487647417,-0.022135954,0.023776986,-0.017531252870969353,0.025762240434847105,test
2024-10-09,1.0951,-0.013329240871748041,-0.022135954,0.02366789,-0.017531252870969353,0.025762240434847105,test
2024-10-10,1.0925,-0.010304627018253895,-0.02257564,0.02387273,-0.01765275524958794,0.025762240434847105,test
2024-10-11,1.0942,-0.011304747936197804,-0.02250266,0.02486644,-0.017670130658845023,0.025762240434847105,test
2024-10-15,1.0899,-0.00931011011107935,-0.023002313,0.020824011,-0.017783716943571875,0.025762240434847105,test
2024-10-16,1.0873,-0.00082808119927201,-0.022810576,0.021344475,-0.017783716943571875,0.025762240434847105,test
2024-10-17,1.0837,0.0016595983893968325,-0.022828849,0.023043005,-0.017927741790023335,0.025762240434847105,test
2024-10-18,1.0854,-0.0005529444431732616,-0.023291007,0.020643888,-0.017783716943571875,0.025762240434847105,test
2024-10-21,1.082,0.0058975475026643576,-0.02398515,0.020858595,-0.017783716943571875,0.025762240434847105,test
2024-10-22,1.0805,0.01058698035790974,-0.024057496,0.021493232,-0.017783716943571875,0.025762240434847105,test
2024-10-23,1.0779,-0.004369864236113796,-0.023936559,0.021493232,-0.017783716943571875,0.025762240434847105,test
2024-10-24,1.0806,-0.0012964165164193325,-0.023846421,0.0208132,-0.017783716943571875,0.025762240434847105,test
2024-10-25,1.0813,-0.009571229503742618,-0.02367254,0.020894473,-0.017783716943571875,0.025618526024472232,test
2024-10-28,1.0819,-0.02063854363486603,-0.024240214,0.023379676,-0.017783716943571875,0.025618526024472232,test
2024-10-29,1.0798,-0.021624994337201615,-0.02431222,0.021065539,-0.017783716943571875,0.025618526024472232,test
2024-10-30,1.0864,-0.0281919165315989,-0.021637341,0.021790508,-0.017783716943571875,0.025618526024472232,test
2024-10-31,1.0855,-0.028310387915241687,-0.021547861,0.02205137,-0.017783716943571875,0.025618526024472232,test
2024-11-01,1.0848,-0.024448357762243952,-0.021849006,0.021762388,-0.017783716943571875,0.025618526024472232,test
2024-11-04,1.0884,-0.028517448277211643,-0.021283664,0.02200009,-0.017783716943571875,0.025618526024472232,test
2024-11-05,1.092,-0.037222710490608275,-0.021088084,0.024506873,-0.017783716943571875,0.025618526024472232,test
2024-11-06,1.0732,-0.024238466755176123,-0.023027584,0.024811052,-0.017783716943571875,0.025618526024472232,test
2024-11-07,1.0792,-0.037095471227358935,-0.023270955,0.025100296,-0.017783716943571875,0.025618526024472232,test
2024-11-08,1.071,-0.02190006347362932,-0.023380363,0.024743384,-0.017783716943571875,0.025618526024472232,test
2024-11-12,1.0598,-0.011101209882530085,-0.024423819,0.029176576,-0.017927741790023335,0.025618526024472232,test
2024-11-13,1.0567,0.0007567874734480673,-0.024255637,0.029205985,-0.018401644798011443,0.025091812472802705,test
2024-11-14,1.0562,-0.0014211949902642948,-0.024232877,0.026361456,-0.018419487905551986,0.024987275192574918,test
2024-11-15,1.0552,-0.006465129953853489,-0.02428401,0.026343292,-0.018576339693571108,0.024318629414506,test
2024-11-18,1.0586,-0.006444298268643282,-0.023957713,0.026086817,-0.01895706858748738,0.024098437004013505,test
2024-11-19,1.0578,-0.004832987374600521,-0.02413226,0.027103638,-0.019053280878700014,0.0238245507032505,test
2024-11-20,1.0521,0.004741142960375137,-0.021542365,0.027110772,-0.01916297275012697,0.02366224450597648,test
2024-11-21,1.0475,0.008365863032823648,-0.021861067,0.027003791,-0.01941376139251242,0.02320633556783434,test
2024-11-22,1.0399,0.016310152204050445,-0.022030951,0.028166771,-0.019471525286903102,0.02291581364497501,test
2024-11-25,1.0478,0.0032396407562265764,-0.021803427,0.026111195,-0.019611642465846242,0.022780435909828096,test
2024-11-26,1.0481,0.0025727776352530707,-0.021989025,0.026473016,-0.019611642465846242,0.022780435909828096,test
2024-11-27,1.0575,-0.005785022535085567,-0.023760837,0.025344856,-0.019611642465846242,0.022780435909828096,test
2024-11-29,1.0547,-0.004656696464369052,-0.02458345,0.026673015,-0.019611642465846242,0.022780435909828096,test
2024-12-02,1.0484,0.0026671762810947103,-0.02191293,0.025992349,-0.019611642465846242,0.022780435909828096,test
2024-12-03,1.0518,-0.0011415526353827365,-0.021938847,0.025886334,-0.019611642465846242,0.022780435909828096,test
2024-12-04,1.0527,-0.005524875931969889,-0.021996679,0.026525443,-0.019611642465846242,0.022780435909828096,test
2024-12-05,1.0571,-0.02045178317978407,-0.02481762,0.02625817,-0.019611642465846242,0.022717839434645563,test
2024-12-06,1.0563,-0.012671059828344156,-0.023909245,0.026834317,-0.019611642465846242,0.022717839434645563,test
2024-12-09,1.057,-0.015348983348814946,-0.024825614,0.02733089,-0.019611642465846242,0.022717839434645563,test
2024-12-10,1.0512,-0.011866167941752652,-0.020534182,0.026732445,-0.019611642465846242,0.022717839434645563,test
2024-12-11,1.0508,-0.008121969066108153,-0.018180788,0.026822526,-0.019611642465846242,0.022717839434645563,test
2024-12-12,1.0514,-0.008692799640070963,-0.018308222,0.026410295,-0.019611642465846242,0.022453150758551237,test
2024-12-13,1.0498,-0.010726017407980924,-0.018320799,0.025689777,-0.019611642465846242,0.02141968097756473,test
2024-12-16,1.0512,-0.015434328340641575,-0.0182238,0.026283646,-0.019611642465846242,0.02141968097756473,test
2024-12-17,1.0506,-0.02359622165169767,-0.018461388,0.030121312,-0.019611642465846242,0.02141968097756473,test
2024-12-18,1.0469,-0.017051614917720205,-0.018763859,0.028538933,-0.019611642465846242,0.02141968097756473,test
2024-12-19,1.0357,0.003854683389091375,-0.020609552,0.02509126,-0.01964102596555954,0.02141968097756473,test
2024-12-20,1.043,-0.005865683436539967,-0.020353265,0.025120342,-0.01964102596555954,0.02141968097756473,test
2024-12-23,1.0409,-0.009265581199399214,-0.0205563,0.025282428,-0.01964102596555954,0.02141968097756473,test
2024-12-24,1.0388,-0.008701592176552298,-0.018760879,0.024692602,-0.01964102596555954,0.02141968097756473,test
2024-12-26,1.0423,-0.01790861472179369,-0.018341716,0.02493404,-0.01964102596555954,0.02141968097756473,test
2024-12-27,1.0423,-0.020745218570306954,-0.018491292,0.026685214,-0.01964102596555954,0.02141968097756473,test
2024-12-30,1.0386,-0.00909185100262954,-0.018943103,0.025536677,-0.01964102596555954,0.02141968097756473,test
2024-12-31,1.0351,-0.006688339768300123,-0.018849054,0.025717074,-0.01964102596555954,0.02141968097756473,test
2025-01-02,1.0261,0.004084814082858868,-0.019340979,0.024847552,-0.019713660391358412,0.02141968097756473,test
2025-01-03,1.0292,-0.0004859322706046963,-0.02087303,0.024922892,-0.019713660391358412,0.02141968097756473,test
2025-01-06,1.0397,0.0024975997613520193,-0.024571242,0.028555067,-0.019713660391358412,0.02141968097756473,test
2025-01-07,1.0369,0.004906450749079853,-0.024655664,0.02856876,-0.019713660391358412,0.02141968097756473,test
2025-01-08,1.0313,0.010321800991288849,-0.024848966,0.02847006,-0.019713660391358412,0.02141968097756473,test
2025-01-09,1.0298,0.020853107530713535,-0.024659278,0.02847006,-0.019713660391358412,0.02141968097756473,test
2025-01-10,1.0238,0.024506773969235604,-0.025296757,0.029165437,-0.019713660391358412,0.02141968097756473,test
2025-01-13,1.0209,0.021128911620577746,-0.026304988,0.034137826,-0.019917065288557807,0.02141968097756473,test
2025-01-14,1.0292,0.011976191046715878,-0.027576527,0.027073676,-0.019917065288557807,0.02141968097756473,test
2025-01-15,1.0282,0.01333224269190798,-0.02819043,0.027339453,-0.019917065288557807,0.02141968097756473,test
2025-01-16,1.0303,0.009370691184396037,-0.02791632,0.02708736,-0.019917065288557807,0.020993269941041764,test
2025-01-17,1.0287,-0.0009725735059568398,-0.02825889,0.02746604,-0.019917065288557807,0.020993269941041764,test
2025-01-21,1.0423,-0.004230368774033252,-0.03259087,0.027601268,-0.019917065288557807,0.020915571385226338,test
2025-01-22,1.042,-9.597389517419092e-05,-0.032629058,0.027937995,-0.019917065288557807,0.020266568695722503,test
2025-01-23,1.042,-0.005002896715302074,-0.032629058,0.02874492,-0.019917065288557807,0.020266568695722503,test
2025-01-24,1.0515,-0.01784733613016687,-0.031999707,0.02932769,-0.019917065288557807,0.020856077879996528,test
2025-01-27,1.0492,-0.01730479636774099,-0.032539826,0.028451014,-0.019917065288557807,0.020915571385226338,test
2025-01-28,1.0427,-0.007798624226132728,-0.03274837,0.027889434,-0.019917065288557807,0.020981414879788586,test
2025-01-29,1.0416,-0.0023068060979151914,-0.032696854,0.02761784,-0.019917065288557807,0.020981414879788586,test
2025-01-30,1.042,0.0007674597460343505,-0.03264108,0.027930325,-0.019917065288557807,0.020981414879788586,test
2025-01-31,1.04,0.009378956682781082,-0.033868793,0.029169118,-0.019917065288557807,0.020981414879788586,test
2025-02-03,1.0277,0.017363221973515683,-0.034473218,0.027000766,-0.019917065288557807,0.020981414879788586,test
2025-02-04,1.0379,0.0025980288849597535,-0.03346742,0.02699678,-0.019917065288557807,0.020981414879788586,test
2025-02-05,1.0419,0.005360403378154813,-0.032633286,0.027454503,-0.019917065288557807,0.020981414879788586,test
2025-02-06,1.0368,0.008356193270678165,-0.03311905,0.02725225,-0.019917065288557807,0.020981414879788586,test
2025-02-07,1.0329,0.014322347961531708,-0.033059724,0.026759848,-0.019917065288557807,0.020981414879788586,test
2025-02-10,1.0312,0.017876497193221933,-0.03170296,0.027368424,-0.019917065288557807,0.020981414879788586,test
2025-02-11,1.0346,0.0161077308159329,-0.033652294,0.028744536,-0.019917065288557807,0.020981414879788586,test
2025-02-12,1.0392,0.0021147753724091167,-0.03318696,0.02865476,-0.019917065288557807,0.020981414879788586,test
2025-02-13,1.0428,-0.002496400720374506,-0.03323127,0.029453686,-0.019917065288557807,0.020981414879788586,test
2025-02-14,1.0498,-0.00019053062837478402,-0.03334713,0.02955205,-0.019713660391358412,0.020981414879788586,test
2025-02-18,1.0457,0.007336510444745717,-0.03329383,0.028855944,-0.01964102596555954,0.020981414879788586,test
2025-02-19,1.0406,0.034196210034260224,-0.03350786,0.027107777,-0.01964102596555954,0.020981414879788586,test
2025-02-20,1.0475,0.03221994764103379,-0.03265535,0.027690697,-0.01964102596555954,0.020981414879788586,test
2025-02-21,1.0455,0.0379138963541665,-0.03265535,0.027657038,-0.01964102596555954,0.020981414879788586,test
2025-02-24,1.0478,0.03368838395483021,-0.033660673,0.027502537,-0.01964102596555954,0.020981414879788586,test
2025-02-25,1.0498,0.040052027758500225,-0.033744127,0.027710957,-0.019611642465846242,0.020981414879788586,test
2025-02-26,1.0514,0.03834603858439767,-0.028243102,0.02845348,-0.019611642465846242,0.020981414879788586,test
2025-02-27,1.0414,0.04184317449405605,-0.03395445,0.028013889,-0.019611642465846242,0.020981414879788586,test
2025-02-28,1.0402,0.0441925814979618,-0.031534,0.027912417,-0.019611642465846242,0.020981414879788586,test
2025-03-03,1.0496,0.0397848715282287,-0.03196836,0.028773637,-0.019611642465846242,0.020981414879788586,test
2025-03-04,1.0534,0.036628669527410826,-0.03194819,0.028282233,-0.019611642465846242,0.020981414879788586,test
2025-03-05,1.0768,0.010071695209341147,-0.032341853,0.029735446,-0.019611642465846242,0.021140766681830923,test
2025-03-06,1.0818,0.0027693177488044424,-0.032447573,0.032029342,-0.019611642465846242,0.02141968097756473,test
2025-03-07,1.0859,-0.004892693812889454,-0.03248046,0.031654082,-0.019611642465846242,0.022453150758551237,test
2025-03-10,1.0837,-0.00397578074440727,-0.03242716,0.030774143,-0.019611642465846242,0.022717839434645563,test
2025-03-11,1.0927,-0.011320354658239162,-0.032628007,0.03205883,-0.019611642465846242,0.02279448526811869,test
2025-03-12,1.0925,-0.013268415424672941,-0.034069072,0.032447033,-0.019611642465846242,0.02320633556783434,test
2025-03-13,1.0859,-0.005448095104589407,-0.033433042,0.032128386,-0.019611642465846242,0.02366224450597648,test
2025-03-14,1.0872,-0.004240028474056384,-0.03373019,0.031695675,-0.019611642465846242,0.0238245507032505,test
2025-03-17,1.0922,-0.011603408574203888,-0.03369429,0.032033347,-0.019611642465846242,0.024098437004013505,test
2025-03-18,1.0927,-0.011690656458434243,-0.03421305,0.032847803,-0.019611642465846242,0.024294807412054344,test
2025-03-19,1.0877,-0.0008277765476118193,-0.034354307,0.0301048,-0.019611642465846242,0.024294807412054344,test
2025-03-20,1.0848,0.018630675863130317,-0.033926323,0.030366095,-0.019611642465846242,0.024294807412054344,test
2025-03-21,1.0806,0.019065655418415664,-0.034354307,0.030125266,-0.019611642465846242,0.024294807412054344,test
2025-03-24,1.0794,0.010872676904655265,-0.034397796,0.03018976,-0.019611642465846242,0.024098437004013505,test
2025-03-25,1.0804,0.009946665170737085,-0.034354307,0.03039019,-0.019611642465846242,0.024098437004013505,test
2025-03-26,1.0781,0.023739715291968402,-0.034248587,0.033056594,-0.019611642465846242,0.024098437004013505,test
2025-03-27,1.08,0.03565310323300595,-0.03448751,0.031003408,-0.019611642465846242,0.024098437004013505,test
2025-03-28,1.0826,0.04506202299431161,-0.03395921,0.03332129,-0.019611642465846242,0.0238245507032505,test
2025-03-31,1.0796,0.0507466462994826,-0.03383712,0.029612092,-0.019611642465846242,0.02366224450597648,test
2025-04-01,1.08,0.04437124403139657,-0.03399804,0.029074362,-0.019611642465846242,0.02366224450597648,test
2025-04-02,1.0868,0.04621046861683095,-0.03133297,0.026007317,-0.019611642465846242,0.02366224450597648,test
2025-04-03,1.1052,0.027839056930771502,-0.03246878,0.031966213,-0.019611642465846242,0.02366224450597648,test
2025-04-04,1.1014,0.03356858661880109,-0.032510906,0.03248007,-0.019611642465846242,0.02366224450597648,test
2025-04-07,1.0912,0.053179344588195274,-0.032807086,0.03165218,-0.019611642465846242,0.02366224450597648,test
2025-04-08,1.0912,0.049523033385084805,-0.033969358,0.032186832,-0.019611642465846242,0.02366224450597648,test
2025-04-09,1.104,0.02769270307846236,-0.032860387,0.032654695,-0.019611642465846242,0.023743261962055905,test
2025-04-10,1.1192,0.015163225572692077,-0.03282222,0.032705937,-0.019611642465846242,0.0238245507032505,test
2025-04-11,1.1325,0.004932626930654882,-0.032713242,0.03053759,-0.019611642465846242,0.024098437004013505,test
2025-04-14,1.1358,0.002550012373227273,-0.032697216,0.029879292,-0.019611642465846242,0.024294807412054344,test
2025-04-15,1.129,0.009345038474091169,-0.03265994,0.030639578,-0.019611642465846242,0.024562032114411873,test
2025-04-16,1.1382,-0.0029035258619303506,-0.032713242,0.029918386,-0.019611642465846242,0.02564375133287066,test
2025-04-17,1.1364,-0.00750787433416189,-0.032755367,0.030373117,-0.019611642465846242,0.026258084463673614,test
2025-04-18,1.139,-0.005281702419175832,-0.033671446,0.030172337,-0.019611642465846242,0.026453672769391937,test
2025-04-21,1.1508,-0.016913166603800864,-0.032431733,0.030144118,-0.019611642465846242,0.026653466281770427,test
2025-04-22,1.1466,-0.010609016254385956,-0.032635003,0.030270496,-0.019611642465846242,0.027479763198618654,test
2025-04-23,1.135,-0.00017622698080674293,-0.0334688,0.037009418,-0.019611642465846242,0.02770002077107781,test
2025-04-24,1.1363,-0.010083227125183253,-0.03284457,0.030477362,-0.019611642465846242,0.02770002077107781,test
2025-04-25,1.1381,-0.009800970248067711,-0.03284457,0.030133795,-0.019611642465846242,0.02770002077107781,test
2025-04-28,1.1387,-0.024986851009052513,-0.034646984,0.030419849,-0.019611642465846242,0.02770002077107781,test
2025-04-29,1.1396,-0.019493794681001195,-0.034495667,0.030310761,-0.019611642465846242,0.02770002077107781,test
2025-04-30,1.1349,-0.012680285175909078,-0.034213968,0.030965207,-0.019611642465846242,0.02770002077107781,test
2025-05-01,1.1279,-0.00801143683219556,-0.0348382,0.031527456,-0.019611642465846242,0.02770002077107781,test
2025-05-02,1.133,-0.016822077962735396,-0.0348915,0.030128902,-0.019611642465846242,0.02770002077107781,test
2025-05-05,1.1315,-0.007006369843503474,-0.0348382,0.03034776,-0.019611642465846242,0.02770002077107781,test
2025-05-06,1.1345,-0.008053497220717895,-0.0348382,0.030049028,-0.019611642465846242,0.02770002077107781,test
2025-05-07,1.1348,-0.00044070336969936896,-0.0344812,0.03158544,-0.019611642465846242,0.02770002077107781,test
2025-05-08,1.1249,0.0028406588120944987,-0.035089754,0.030715365,-0.019611642465846242,0.02770002077107781,test
2025-05-09,1.127,0.0070734158757267546,-0.0369455,0.029642414,-0.019611642465846242,0.02770002077107781,test
2025-05-12,1.1106,0.019615464872197813,-0.03490855,0.035525773,-0.01964102596555954,0.02770002077107781,test
2025-05-13,1.1176,0.009794397592287757,-0.03469775,0.034962367,-0.01964102596555954,0.02770002077107781,test
2025-05-14,1.1206,0.014528958619351856,-0.034730908,0.0354163,-0.01964102596555954,0.02770002077107781,test
2025-05-15,1.1189,0.014022238983268279,-0.03465426,0.03513453,-0.01964102596555954,0.02770002077107781,test
2025-05-16,1.1141,0.025784443550386713,-0.03477698,0.03513948,-0.019611642465846242,0.02770002077107781,test
2025-05-19,1.1236,0.012119215960310278,-0.03470822,0.034942016,-0.01949961836209586,0.02770002077107781,test
2025-05-20,1.1254,0.014992784586141436,-0.035018425,0.0350364,-0.01949961836209586,0.02770002077107781,test
2025-05-21,1.1343,0.008515172374746166,-0.0343268,0.034650274,-0.01946570160580844,0.02770002077107781,test
2025-05-22,1.1281,0.0102302682508148,-0.033687696,0.035779923,-0.01946570160580844,0.02770002077107781,test
2025-05-23,1.135,0.006586192852856776,-0.03372497,0.0349151,-0.01946570160580844,0.02770002077107781,test
2025-05-27,1.1326,0.008527899060196825,-0.03439583,0.035175376,-0.01946570160580844,0.02770002077107781,test
2025-05-28,1.1286,0.01791407231371596,-0.0338065,0.03581979,-0.01946570160580844,0.02770002077107781,test
2025-05-29,1.137,0.01812843789436816,-0.033684306,0.030467713,-0.01946570160580844,0.02770002077107781,test
2025-05-30,1.1347,0.01833792218445182,-0.03452492,0.030815402,-0.01941376139251242,0.02770002077107781,test
2025-06-02,1.1432,0.012949383574674261,-0.033291847,0.031221477,-0.01941376139251242,0.02770002077107781,test
2025-06-03,1.1373,0.014143766423409504,-0.033776958,0.030294815,-0.01941376139251242,0.02770002077107781,test
2025-06-04,1.1424,0.008455051458687801,-0.032755192,0.0307296,-0.01941376139251242,0.02770002077107781,test
2025-06-05,1.144,0.006968669316093357,-0.033435367,0.030802054,-0.01941376139251242,0.02770002077107781,test
2025-06-06,1.1397,0.01229577296109946,-0.03371204,0.031645875,-0.01941376139251242,0.02770002077107781,test
2025-06-09,1.1425,0.015890578801618288,-0.034126464,0.031756166,-0.01941376139251242,0.02770002077107781,test
2025-06-10,1.1423,0.017098884671954973,-0.03431189,0.031285163,-0.01941376139251242,0.02770002077107781,test
2025-06-11,1.149,0.019563686825354143,-0.033993464,0.030570662,-0.01941376139251242,0.02770002077107781,test
2025-06-12,1.1578,0.012531277191833251,-0.03395163,0.029876575,-0.01941376139251242,0.02770002077107781,test
2025-06-13,1.1557,0.018262607278881182,-0.03397356,0.03006922,-0.01941376139251242,0.02770002077107781,test
2025-06-16,1.1581,0.01669773778427988,-0.033940163,0.029709728,-0.01941376139251242,0.02770002077107781,test
2025-06-17,1.1535,0.02186582292356265,-0.033855356,0.030188281,-0.01941376139251242,0.02770002077107781,test
2025-06-18,1.1521,0.020362402924146733,-0.034028012,0.030128988,-0.01941376139251242,0.02770002077107781,test
2025-06-20,1.152,0.018320729173741668,-0.032486025,0.031523842,-0.01941376139251242,0.02770002077107781,test
2025-06-23,1.1538,0.01454101766283783,-0.03174741,0.030412976,-0.01941376139251242,0.02770002077107781,test
2025-06-24,1.1608,0.008492437915648687,-0.031716574,0.03026165,-0.01941376139251242,0.02770002077107781,test
2025-06-25,1.162,0.005834923024633315,-0.031387404,0.03054126,-0.01941376139251242,0.02770002077107781,test
2025-06-26,1.1717,-0.0017938756785958188,-0.03163668,0.029835854,-0.01941376139251242,0.02770002077107781,test
2025-06-27,1.1724,-0.004445211628161555,-0.031319197,0.030377315,-0.01941376139251242,0.02770002077107781,test
2025-06-30,1.177,-0.012912232071460639,-0.03094916,0.0267015,-0.01941376139251242,0.02770002077107781,test
2025-07-01,1.1776,-0.012561583675614219,-0.030895859,0.026256526,-0.01941376139251242,0.02770002077107781,test
2025-07-02,1.179,-0.01650527057471346,-0.03077393,0.025717977,-0.01941376139251242,0.02770002077107781,test
2025-07-03,1.1758,-0.009656956643758763,-0.03077393,0.02677871,-0.01941376139251242,0.02770002077107781,test
2025-07-07,1.1733,-0.0023892834986125877,-0.030811615,0.026769334,-0.01941376139251242,0.02770002077107781,test
2025-07-08,1.1707,0.0035811770879001503,-0.031136518,0.029632235,-0.01941376139251242,0.02770002077107781,test
2025-07-09,1.1707,0.0034960598388382447,-0.025598634,0.030782398,-0.01941376139251242,0.02770002077107781,test
2025-07-10,1.1688,0.006566347730927485,-0.025697188,0.030438889,-0.01941376139251242,0.02770002077107781,test
2025-07-11,1.1696,0.002902759657961468,-0.025699018,0.029657995,-0.01941376139251242,0.02770002077107781,test
2025-07-14,1.1672,-0.005412151864585768,-0.025453454,0.030078448,-0.01941376139251242,0.02770002077107781,test
2025-07-15,1.1619,-0.007342494007503891,-0.026076663,0.026751054,-0.01941376139251242,0.027472445506003203,test
2025-07-16,1.1629,-0.013767047169626845,-0.025983283,0.026871068,-0.01941376139251242,0.026653466281770427,test
2025-07-17,1.1597,-0.014417480930924792,-0.02326592,0.023799164,-0.01941376139251242,0.026453672769391937,test
2025-07-18,1.1645,-0.007758659609960389,-0.02241572,0.024718491,-0.01941376139251242,0.025817491065351517,test
2025-07-21,1.1705,-0.011773435526465259,-0.020095311,0.02479394,-0.01941376139251242,0.025817491065351517,test
2025-07-22,1.1749,-0.014488658440586472,-0.020418331,0.025524879,-0.01941376139251242,0.025817491065351517,test
2025-07-23,1.1748,-0.00863437721585883,-0.020392792,0.026811315,-0.01941376139251242,0.025817491065351517,test
2025-07-24,1.1765,-0.010595672913222054,-0.020628711,0.02475545,-0.01941376139251242,0.025817491065351517,test
2025-07-25,1.173,-0.005985481743037868,-0.020573288,0.022981644,-0.01941376139251242,0.025817491065351517,test
2025-07-28,1.1609,-0.00017229496941309486,-0.022824734,0.02489033,-0.01941376139251242,0.025817491065351517,test
2025-07-29,1.1534,0.01197928747730534,-0.023125606,0.025392836,-0.01941376139251242,0.025817491065351517,test
2025-07-30,1.147,0.021135140818479614,-0.02430025,0.028308714,-0.0190689963733049,0.025817491065351517,test
2025-07-31,1.1431,0.018462062839735532,-0.02755893,0.029053591,-0.01858113581900306,0.025817491065351517,test
2025-08-01,1.1555,0.013154125103295444,-0.027605882,0.025217662,-0.018419487905551986,0.025817491065351517,test
2025-08-04,1.1568,0.008521678425311069,-0.027717786,0.025694339,-0.018419487905551986,0.025817491065351517,test
2025-08-05,1.158,0.006884708777497139,-0.027353369,0.026850354,-0.018419487905551986,0.025817491065351517,test
2025-08-06,1.1647,0.00017170329712512533,-0.028210497,0.026485102,-0.018419487905551986,0.025817491065351517,test
2025-08-07,1.1641,-0.0030973095397034134,-0.02366196,0.024449728,-0.018419487905551986,0.025817491065351517,test
2025-08-08,1.166,0.0045351551653913524,-0.023729961,0.024224963,-0.018419487905551986,0.025817491065351517,test
2025-08-11,1.1607,0.005413081911978979,-0.023564642,0.024835609,-0.018419487905551986,0.025817491065351517,test
2025-08-12,1.1673,-0.0013716247328309228,-0.023644352,0.025040025,-0.018419487905551986,0.025817491065351517,test
2025-08-13,1.1715,-0.00891714731488985,-0.028505497,0.026227526,-0.018419487905551986,0.025817491065351517,test
2025-08-14,1.1644,0.002401785337107637,-0.025142457,0.025758576,-0.018419487905551986,0.025817491065351517,test
2025-08-15,1.1708,-0.001110968793497119,-0.02388782,0.026211387,-0.018419487905551986,0.025817491065351517,test
2025-08-18,1.1667,-0.0012006862505937188,-0.023766572,0.025399227,-0.018419487905551986,0.025817491065351517,test
2025-08-19,1.166,0.0013712720695220337,-0.023586987,0.02498097,-0.018419487905551986,0.025817491065351517,test
2025-08-20,1.1649,-8.584796330979305e-05,-0.023736585,0.024946708,-0.018419487905551986,0.025817491065351517,test
2025-08-21,1.1605,0.013182865114878234,-0.02420969,0.024660714,-0.018419487905551986,0.025817491065351517,test
2025-08-22,1.1713,0.003239007264066368,-0.023846604,0.02690106,-0.018419487905551986,0.025817491065351517,test
2025-08-25,1.167,0.004531277791226501,-0.023456287,0.02612345,-0.018419487905551986,0.025817491065351517,test
2025-08-26,1.1657,0.004877849729895245,-0.023496794,0.025818303,-0.018419487905551986,0.025817491065351517,test
2025-08-27,1.1611,0.0103672264703355,-0.023398248,0.025747724,-0.018419487905551986,0.025817491065351517,test
2025-08-28,1.1672,0.003591896447106002,-0.023172928,0.02602731,-0.018419487905551986,0.025817491065351517,test
2025-08-29,1.1695,0.006562430335084024,-0.021118715,0.026403524,-0.018419487905551986,0.025817491065351517,test
2025-09-02,1.1653,0.01659541937437145,-0.021354258,0.024767565,-0.018419487905551986,0.025817491065351517,test
2025-09-03,1.1676,0.014370384618880572,-0.021564977,0.025320355,-0.018419487905551986,0.025817491065351517,test
2025-09-04,1.1648,0.011268686769110414,-0.021453826,0.024288937,-0.018419487905551986,0.025817491065351517,test
2025-09-05,1.1759,-0.0005103776905615864,-0.023476986,0.025730683,-0.018419487905551986,0.025817491065351517,test
2025-09-08,1.1751,0.0018704307442557744,-0.023581471,0.026166638,-0.018419487905551986,0.025817491065351517,test
2025-09-09,1.1723,0.006546807381927866,-0.021295086,0.025715837,-0.018419487905551986,0.025817491065351517,test
2025-09-10,1.1714,0.0023874499744035715,-0.02115203,0.025361957,-0.018419487905551986,0.025817491065351517,test
2025-09-11,1.1732,-0.005041668444678404,-0.021206658,0.024982069,-0.018419487905551986,0.025817491065351517,test
2025-09-12,1.1714,-0.0018798604185910062,-0.021696405,0.02865196,-0.018419487905551986,0.025817491065351517,test
2025-09-15,1.1772,-0.003574167705842235,-0.020608317,0.025451247,-0.018401644798011443,0.025817491065351517,test
2025-09-16,1.1848,-0.009583247662510896,-0.022693066,0.026133543,-0.018401644798011443,0.025817491065351517,test
2025-09-17,1.1845,-0.010353113521057722,-0.02184376,0.026591577,-0.018401644798011443,0.025817491065351517,test
2025-09-18,1.178,-0.007156275216017943,-0.020814195,0.025913462,-0.018401644798011443,0.025817491065351517,test
2025-09-19,1.1753,-0.000510638308968081,-0.020834995,0.025741968,-0.018401644798011443,0.025817491065351517,test
2025-09-22,1.1773,-0.005621820598524313,-0.020458102,0.024744732,-0.018401644798011443,0.025817491065351517,test
2025-09-23,1.18,-0.010735384690019723,-0.020538243,0.02602658,-0.018401644798011443,0.025817491065351517,test
2025-09-24,1.1742,-0.011649951873577508,-0.020861182,0.025399268,-0.018401644798011443,0.025817491065351517,test
2025-09-25,1.1673,-0.00981412835839604,-0.021380981,0.02372908,-0.018401644798011443,0.025817491065351517,test
2025-09-26,1.1692,-0.0067796869853787856,-0.0210992,0.023934865,-0.01793323825424856,0.025817491065351517,test
2025-09-29,1.173,-0.010455147083497374,-0.020599147,0.023927253,-0.01793323825424856,0.025817491065351517,test
2025-09-30,1.1735,-0.008300223068508694,-0.020785073,0.024784649,-0.01793323825424856,0.025817491065351517,test
2025-10-01,1.1723,-0.0049598186162977675,-0.021409588,0.024345953,-0.017903118257568466,0.025817491065351517,test
2025-10-02,1.1696,-0.0018827562258233732,-0.02153157,0.024093648,-0.01785011077215741,0.025817491065351517,test
2025-10-03,1.1747,-0.007776819948845298,-0.021030378,0.02297424,-0.017693169310192474,0.025817491065351517,test
2025-10-06,1.1707,-0.007803495415095202,-0.021144612,0.022303456,-0.017693169310192474,0.025817491065351517,test
2025-10-07,1.1674,-0.005325100619215817,-0.021469695,0.022315886,-0.017693169310192474,0.025817491065351517,test
2025-10-08,1.1606,0.0005168403939668775,-0.021440336,0.02276171,-0.017693169310192474,0.025817491065351517,test
2025-10-09,1.1559,0.005779614967028723,-0.021635745,0.02247111,-0.017693169310192474,0.025817491065351517,test
2025-10-10,1.1613,0.0019785803693344317,-0.021173112,0.023580208,-0.017693169310192474,0.025817491065351517,test
2025-10-14,1.1608,0.00438389836926753,-0.02135251,0.022789592,-0.017693169310192474,0.025817491065351517,test
2025-10-15,1.1638,0.002231569031824282,-0.02112769,0.022356281,-0.017693169310192474,0.025817491065351517,test
2025-10-16,1.1665,-0.00869608131929367,-0.020914167,0.022418492,-0.017693169310192474,0.025817491065351517,test
2025-10-17,1.1674,-0.011458234343331625,-0.020887583,0.025173064,-0.017693169310192474,0.025817491065351517,test
2025-10-20,1.1656,-0.010782008103924517,-0.020961963,0.025077887,-0.017693169310192474,0.025817491065351517,test
2025-10-21,1.1616,-0.01081933780694358,-0.021295322,0.022473918,-0.017693169310192474,0.025817491065351517,test
2025-10-22,1.1612,-0.01099721002132184,-0.021521023,0.023061002,-0.017693169310192474,0.025817491065351517,test
2025-10-23,1.1612,-0.006306443949852858,-0.021523396,0.026705362,-0.017693169310192474,0.025817491065351517,test
2025-10-24,1.1626,-0.004137223622346059,-0.021391891,0.02531296,-0.017693169310192474,0.025817491065351517,test
2025-10-27,1.1636,-0.007851297826496434,-0.021303458,0.02584411,-0.017693169310192474,0.025817491065351517,test
2025-10-28,1.1659,-0.005763208932773017,-0.020761104,0.025464837,-0.017693169310192474,0.025817491065351517,test
2025-10-29,1.1664,-0.001286835848662432,-0.020761104,0.025957929,-0.017693169310192474,0.025817491065351517,test
2025-10-30,1.1564,0.004572718377237994,-0.021092476,0.022648737,-0.017693169310192474,0.025817491065351517,test
2025-10-31,1.1541,0.004926757015981137,-0.021267058,0.022344392,-0.017693169310192474,0.025817491065351517,test
2025-11-03,1.1531,0.004154051841156747,-0.021267058,0.022519361,-0.017693169310192474,0.025817491065351517,test
2025-11-04,1.1491,0.0042551408044567696,-0.021420432,0.022575948,-0.017693169310192474,0.025817491065351517,test
2025-11-05,1.1485,0.0042573590521592375,-0.021470862,0.022682056,-0.017693169310192474,0.025817491065351517,test
2025-11-06,1.1539,-0.0028639637714288624,-0.020952541,0.022442704,-0.017693169310192474,0.025817491065351517,test
2025-11-07,1.1578,-0.005195716572332254,-0.020500496,0.0228233,-0.017693169310192474,0.025817491065351517,test
2025-11-10,1.1545,0.0006927006944227876,-0.02091733,0.022685273,-0.017693169310192474,0.025817491065351517,test
2025-11-12,1.1592,-8.627011177331223e-05,-0.020621907,0.022544082,-0.017693169310192474,0.025817491065351517,test
2025-11-13,1.1649,-0.004215241305321082,-0.020405406,0.02395818,-0.017693169310192474,0.025817491065351517,test
2025-11-14,1.1617,0.0005163511302332946,-0.020293327,0.023752354,-0.017693169310192474,0.025620562206643206,test
2025-11-17,1.1598,-0.00017245839483975844,-0.020480502,0.023148002,-0.017693169310192474,0.024562032114411873,test
2025-11-18,1.1579,0.006971068292210336,-0.020480502,0.02313545,-0.017693169310192474,0.024562032114411873,test
2025-11-19,1.154,0.010259152871200855,-0.02092674,0.024192661,-0.017693169310192474,0.024562032114411873,test
2025-11-20,1.1534,0.008718601561034156,-0.021192055,0.028169554,-0.017693169310192474,0.024562032114411873,test
2025-11-21,1.1506,0.01037533083805714,-0.021213504,0.027719708,-0.017693169310192474,0.024562032114411873,test
2025-11-24,1.1518,0.01045049887535865,-0.021233527,0.026497567,-0.017693169310192474,0.024562032114411873,test
2025-11-25,1.1553,0.00836103651082809,-0.020838307,0.023778994,-0.017693169310192474,0.024562032114411873,test
2025-11-26,1.1591,0.014134813650062944,-0.020541253,0.023928938,-0.017693169310192474,0.02410959313860198,test
2025-11-28,1.16,0.011229812411264417,-0.0206725,0.02459154,-0.017693169310192474,0.02410959313860198,test
2025-12-01,1.1623,0.011377854895099904,-0.020747272,0.02965323,-0.017693169310192474,0.02410959313860198,test
2025-12-02,1.1596,0.014893710212776357,-0.020616526,0.024942061,-0.017693169310192474,0.02410959313860198,test
2025-12-03,1.166,0.0075188324140274265,-0.020555768,0.027147336,-0.017693169310192474,0.02410959313860198,test
2025-12-04,1.1659,0.005985993588213778,-0.020520031,0.02859346,-0.017693169310192474,0.02410959313860198,test
2025-12-05,1.1635,0.007364307986788138,-0.02066632,0.027189374,-0.017693169310192474,0.02410959313860198,test
2025-12-08,1.1626,0.01060927131100911,-0.020768095,0.027482718,-0.017693169310192474,0.02410959313860198,test
2025-12-09,1.1639,0.011702034026681185,-0.020717274,0.025033588,-0.017693169310192474,0.02410959313860198,test
2025-12-10,1.165,0.01109699821173099,-0.020779388,0.026761388,-0.017693169310192474,0.02410959313860198,test
2025-12-11,1.1756,0.0008502678855933921,-0.020173922,0.028314339,-0.01757050637661684,0.02410959313860198,test
2025-12-12,1.1731,0.0021288380330875822,-0.02031622,0.026617529,-0.01757050637661684,0.02410959313860198,test
2025-12-15,1.1756,0.0007652736226549939,-0.020226749,0.026913764,-0.01757050637661684,0.02410959313860198,test
2025-12-16,1.177,-0.0028928804315048184,-0.020442042,0.027084501,-0.01757050637661684,0.02410959313860198,test
2025-12-17,1.1748,-0.0008515712002309661,-0.020265266,0.027394634,-0.01757050637661684,0.02410959313860198,test
2025-12-18,1.1729,-0.0011943355796091015,-0.020691998,0.029590808,-0.01757050637661684,0.02410959313860198,test
2025-12-19,1.1721,-0.0027338761154098723,-0.020718943,0.031414423,-0.01757050637661684,0.02410959313860198,test
2025-12-22,1.175,-0.005119465106190935,-0.02067678,0.030758206,-0.01757050637661684,0.02410959313860198,test
2025-12-23,1.1776,-0.010328289498799964,-0.020607457,0.028193275,-0.01757050637661684,0.023778068225831728,test
2025-12-24,1.178,-0.01247133273487086,-0.020728434,0.030080449,-0.01757050637661684,0.02276612268895479,test
2025-12-26,1.1766,-0.008021205221779765,-0.020766951,0.02952276,-0.01757050637661684,0.021908275826034815,test
2025-12-29,1.1756,-0.009400975141742623,-0.020766951,0.029610839,-0.01757050637661684,0.021391003349537578,test
2025-12-30,1.1765,-0.009393749691605446,-0.020766951,0.029582102,-0.01757050637661684,0.021391003349537578,test
2025-12-31,1.1736,-0.011225001114280153,-0.020960266,0.028096227,-0.01757050637661684,0.021391003349537578,test
2026-01-02,1.1738,-0.011912554636403616,-0.021026438,0.024150249,-0.01757050637661684,0.021391003349537578,test
2026-01-05,1.1715,0.0020465599366260856,-0.021072106,0.022781959,-0.01757050637661684,0.021391003349537578,test
2026-01-06,1.1689,0.0013678723172408924,-0.021409918,0.022673266,-0.01757050637661684,0.021391003349537578,test
2026-01-07,1.169,0.004097666652165655,-0.022180999,0.022489948,-0.01757050637661684,0.021391003349537578,test
2026-01-08,1.1655,0.009903606942623155,-0.02240237,0.023799561,-0.01757050637661684,0.021391003349537578,test
2026-01-09,1.1634,0.021429391455899227,-0.022478847,0.024555728,-0.01757050637661684,0.021391003349537578,test
2026-01-12,1.1672,0.026045781466818713,-0.021964893,0.018340137,-0.01757050637661684,0.021391003349537578,test
2026-01-13,1.1646,0.025015083136319255,-0.022028428,0.018399764,-0.01757050637661684,0.021391003349537578,test
2026-01-14,1.1655,0.02441006019856931,-0.022028428,0.018514235,-0.01757050637661684,0.021391003349537578,test
2026-01-15,1.1605,0.023841061085756732,-0.022600753,0.019160295,-0.01757050637661684,0.021391003349537578,test
2026-01-16,1.1599,0.017773688425233664,-0.022351442,0.018832946,-0.01757050637661684,0.021391003349537578,test
2026-01-20,1.1739,0.006791774133718453,-0.020563783,0.025762852,-0.01757050637661684,0.021391003349537578,test
2026-01-21,1.1705,0.008337635504057694,-0.020507602,0.023399215,-0.01757050637661684,0.021391003349537578,test
2026-01-22,1.1738,0.005437566498834229,-0.02049377,0.025561545,-0.01757050637661684,0.021391003349537578,test
2026-01-23,1.1771,0.003477084451332657,-0.020373994,0.025191296,-0.01757050637661684,0.021391003349537578,test
2026-01-26,1.1886,0.0010090818212449282,-0.025700789,0.027661454,-0.01757050637661684,0.02145121302928238,test
2026-01-27,1.198,-0.006868273921589341,-0.02388053,0.02735557,-0.01757050637661684,0.021908275826034815,test
2026-01-28,1.1941,-0.004784898950886407,-0.024787994,0.027886521,-0.01757050637661684,0.02276612268895479,test
2026-01-29,1.1943,-0.006131124064713056,-0.024439804,0.029551744,-0.01757050637661684,0.023773232537298416,test
2026-01-30,1.1885,-0.0012628921905804558,-0.026334109,0.028425135,-0.01757050637661684,0.023869511041397336,test
2026-02-02,1.1807,0.0020306293465530145,-0.024222396,0.026342874,-0.01757050637661684,0.023869511041397336,test
2026-02-03,1.1819,-0.0007617758208325331,-0.02388633,0.02805436,-0.01757050637661684,0.023869511041397336,test
2026-02-04,1.1803,-0.0034797404091677087,-0.02388633,0.027943684,-0.01757050637661684,0.023869511041397336,test
2026-02-05,1.1802,-0.0017809443709947415,-0.02401783,0.029455429,-0.01757050637661684,0.023869511041397336,test
2026-02-06,1.1812,-0.0006775068009833851,-0.023876848,0.028831875,-0.01757050637661684,0.023869511041397336,test
2026-02-09,1.1898,-0.009203425455723446,-0.02349862,0.027353754,-0.01757050637661684,0.023869511041397336,test
2026-02-10,1.1898,-0.007931861685021024,-0.023725403,0.029606191,-0.01757050637661684,0.023869511041397336,test
2026-02-11,1.1884,-0.007771622153380314,-0.023509482,0.028488327,-0.01757050637661684,0.023869511041397336,test
2026-02-12,1.187,-0.004052006219399024,-0.023593904,0.028580554,-0.01757050637661684,0.023869511041397336,test
2026-02-13,1.187,-0.015280433137599636,-0.023666896,0.030218285,-0.01757050637661684,0.023869511041397336,test
2026-02-17,1.1831,-0.019373339012368124,-0.023948316,0.031878065,-0.01757050637661684,0.023869511041397336,test
2026-02-18,1.181,-0.014671023974792835,-0.021768106,0.028314896,-0.01757050637661684,0.023869511041397336,test
2026-02-19,1.1762,-0.015162838153424563,-0.021928862,0.027440574,-0.01757050637661684,0.023869511041397336,test
2026-02-20,1.1781,-0.014965858495565615,-0.02194624,0.024822624,-0.01757050637661684,0.023869511041397336,test
2026-02-23,1.1804,-0.018123252062311607,-0.02182102,0.024804251,-0.01757050637661684,0.023869511041397336,test
2026-02-24,1.1789,-0.012032401855660263,-0.021193257,0.023708658,-0.01757050637661684,0.023869511041397336,test
2026-02-25,1.1804,-0.020368697344666287,-0.02118725,0.023522353,-0.01757050637661684,0.023869511041397336,test
2026-02-26,1.1792,-0.023163084136789525,-0.021294465,0.026351245,-0.01757050637661684,0.023869511041397336,test
2026-02-27,1.1822,-0.03249662721431379,-0.021083698,0.025860783,-0.01757050637661684,0.023869511041397336,test
2026-03-02,1.169,-0.017517814320709868,-0.021366507,0.022961834,-0.01757050637661684,0.023869511041397336,test
2026-03-03,1.1604,-0.006831277376445372,-0.021812195,0.023055252,-0.017693169310192474,0.023869511041397336,test
2026-03-04,1.1638,-0.010798774542950751,-0.02162249,0.023466434,-0.017693169310192474,0.023869511041397336,test
2026-03-05,1.1585,-0.006060624611691129,-0.022035114,0.02416229,-0.017693169310192474,0.023869511041397336,test
2026-03-06,1.1606,-0.005443013135641356,-0.022093404,0.023840489,-0.017693169310192474,0.023869511041397336,test
2026-03-09,1.1592,-0.00043142500345594303,-0.022134876,0.02365746,-0.01785011077215741,0.023869511041397336,test
2026-03-10,1.1648,-0.006027745797517359,-0.021900777,0.022698715,-0.01785011077215741,0.023869511041397336,test
2026-03-11,1.1566,0.0003457814695586314,-0.023581924,0.023585787,-0.017903118257568466,0.023869511041397336,test
2026-03-12,1.1522,0.0017343049785832898,-0.023633212,0.023826273,-0.017919346588819586,0.023869511041397336,test
2026-03-13,1.1444,0.006619080079881212,-0.02366078,0.024264619,-0.0181377031548609,0.023869511041397336,test
2026-03-16,1.1487,-0.00287694719160167,-0.023429697,0.02381574,-0.0181377031548609,0.023869511041397336,test
2026-03-17,1.1525,-0.0006075597982317105,-0.021625388,0.023674656,-0.0181377031548609,0.023869511041397336,test
2026-03-18,1.1513,0.00873443525833073,-0.02230944,0.024108516,-0.0181377031548609,0.023869511041397336,test
2026-03-19,1.1515,0.0026885233660934316,-0.02200797,0.024319112,-0.0181377031548609,0.023869511041397336,test
2026-03-20,1.1543,-0.0017341546008977082,-0.022053212,0.0237529,-0.0181377031548609,0.023869511041397336,test
2026-03-23,1.1587,-0.0036313372084665896,-0.021321215,0.024484323,-0.0181377031548609,0.023869511041397336,test
2026-03-24,1.1578,-0.0006047777626123907,-0.021655664,0.024850953,-0.0181377031548609,0.023869511041397336,test
2026-03-25,1.157,0.009976002926660149,-0.02164677,0.025010528,-0.0181377031548609,0.023869511041397336,test
2026-03-26,1.1542,0.014108974580254646,-0.021759383,0.024288362,-0.0181377031548609,0.023869511041397336,test
2026-03-27,1.152,0.017468068821946042,-0.021910481,0.024415689,-0.0181377031548609,0.023869511041397336,test
2026-03-30,1.1454,0.022104163637960472,-0.022010269,0.0241661,-0.0181377031548609,0.023869511041397336,test
2026-03-31,1.1518,0.023425499510055736,-0.021047316,0.024047479,-0.0181377031548609,0.023869511041397336,test
2026-04-01,1.1614,0.015803515167924026,-0.020799885,0.0252649,-0.0181377031548609,0.023869511041397336,test
2026-04-02,1.1546,0.02031875809246167,-0.020786768,0.024094863,-0.0181377031548609,0.023869511041397336,test
2026-04-03,1.1523,0.023839235611734066,-0.021303318,0.024052443,-0.0181377031548609,0.023869511041397336,test
2026-04-06,1.1545,0.020575093581635784,-0.020966012,0.023315022,-0.0181377031548609,0.023869511041397336,test
2026-04-07,1.1571,0.015521470977375745,-0.020807702,0.02500894,-0.0181377031548609,0.023869511041397336,test
2026-04-08,1.1686,0.002393163535345161,-0.02104466,0.025974242,-0.0181377031548609,0.023869511041397336,test
2026-04-09,1.1706,-0.00017086715120595564,-0.021059226,0.025917407,-0.0181377031548609,0.023869511041397336,test
2026-04-10,1.1723,-0.0004266029670942917,-0.022135785,0.02595858,-0.0181377031548609,0.023869511041397336,test
2026-04-13,1.171,0.0017917329139573168,-0.024821237,0.026490876,-0.0181377031548609,0.023869511041397336,test
2026-04-14,1.1791,-0.006466456634777351,-0.024755968,0.026094403,-0.0181377031548609,0.023869511041397336,test
2026-04-15,1.1799,-0.008853382081639799,-0.021979922,0.027032629,-0.0181377031548609,0.023869511041397336,test
2026-04-16,1.1783,-0.0045934071918355135,-0.025536144,0.027061418,-0.0181377031548609,0.023869511041397336,test
2026-04-17,1.1801,-0.003905591651578777,-0.025093317,0.026476651,-0.0181377031548609,0.023869511041397336,test
2026-04-20,1.1785,-0.007409649367260518,-0.026049556,0.027061418,-0.017919346588819586,0.023869511041397336,test
2026-04-21,1.1752,-0.0038364853740407434,-0.021912701,0.03020144,-0.017919346588819586,0.023869511041397336,test
2026-04-22,1.1714,0.0033238194831265444,-0.021492617,0.02924969,-0.017903118257568466,0.023869511041397336,test
2026-04-23,1.1704,0.005113356973925232,-0.021584684,0.029254008,-0.017903118257568466,0.023869511041397336,test
2026-04-24,1.1718,0.004682652973462903,-0.021661818,0.028636502,-0.017903118257568466,0.023869511041397336,test
2026-04-27,1.1731,0.0041682676998572865,-0.020912051,0.026687726,-0.017903118257568466,0.023869511041397336,test
2026-04-28,1.1715,0.0015353124817278074,-0.020652018,0.028546266,-0.017903118257568466,0.023869511041397336,test
2026-04-29,1.1695,0.001367171023857916,-0.020761132,0.027414717,-0.017903118257568466,0.023869511041397336,test
2026-04-30,1.1729,-0.004357677678022254,-0.02058587,0.027160833,-0.017903118257568466,0.023869511041397336,test
2026-05-01,1.1755,-0.010948702305561636,-0.020555064,0.025974583,-0.017903118257568466,0.023869511041397336,test
2026-05-04,1.1698,-0.004197547603194018,-0.020741396,0.024734126,-0.017903118257568466,0.023869511041397336,test
2026-05-05,1.1707,-0.00900945645366294,-0.02080257,0.02369595,-0.017903118257568466,0.023869511041397336,test
2026-05-06,1.1753,-0.01138077572695198,-0.020803096,0.022856,-0.017903118257568466,0.023869511041397336,test
2026-05-07,1.1764,-0.014987648339494508,-0.020853525,0.021568526,-0.017903118257568466,0.023869511041397336,test
2026-05-08,1.1773,-0.014545088730651273,-0.020853525,0.02146744,-0.017903118257568466,0.023869511041397336,test
2026-05-11,1.178,-0.01367542679967551,-0.020798093,0.023281205,-0.017903118257568466,0.023869511041397336,test
2026-05-12,1.1733,-0.008731437084584986,-0.020999778,0.019777708,-0.017903118257568466,0.023869511041397336,test
2026-05-13,1.1711,-0.005308231642360273,-0.02120037,0.019700292,-0.017903118257568466,0.023869511041397336,test
2026-05-14,1.1678,8.562743508250259e-05,-0.02114534,0.019463817,-0.017903118257568466,0.023869511041397336,test
2026-05-15,1.1627,-0.00025805341848930685,-0.021835556,0.02019756,-0.017903118257568466,0.023869511041397336,test
2026-05-18,1.1649,-0.0006010905680962908,-0.021189451,0.019222178,-0.017903118257568466,0.023869511041397336,test
2026-05-19,1.1602,0.00025854268252792356,-0.021365754,0.019482732,-0.017903118257568466,0.023869511041397336,test
2026-05-20,1.162,0.0007742268871410996,-0.021454314,0.019886313,-0.017903118257568466,0.023869511041397336,test
2026-05-21,1.1589,-0.004843881108452325,-0.0215791,0.02005364,-0.017903118257568466,0.023869511041397336,test
2026-05-22,1.1603,-0.005011242558949747,-0.021538293,0.019391475,-0.017903118257568466,0.023869511041397336,test
2026-05-26,1.162,-0.005522968819776319,-0.021376822,0.019569742,-0.017903118257568466,0.023869511041397336,test
2026-05-27,1.1631,-0.006988510389099228,-0.021283578,0.023220392,-0.017903118257568466,0.023869511041397336,test
2026-05-28,1.1649,-0.011569806144991507,-0.02121315,0.02486834,-0.017903118257568466,0.023869511041397336,test
2026-05-29,1.1679,-0.009117558430487616,-0.020782875,0.023833636,-0.017903118257568466,0.023869511041397336,test
2026-06-01,1.1624,-0.002153038768242771,-0.0209861,0.02305346,-0.017903118257568466,0.023869511041397336,test
2026-06-02,1.1642,-0.0023218826271712567,-0.020883337,0.021279745,-0.017903118257568466,0.023869511041397336,test
2026-06-03,1.1605,-0.0010345720381360612,-0.020904785,0.022803102,-0.017903118257568466,0.023869511041397336,test
2026-06-04,1.1629,-0.013767047169626845,-0.020883337,0.021337755,-0.017903118257568466,0.023869511041397336,test
2026-06-05,1.1533,-0.008796050616235396,-0.021017857,0.023773741,-0.017903118257568466,0.023869511041397336,test
2026-06-08,1.1545,-0.014131428463379059,-0.021074547,0.023583867,-0.017903118257568466,0.023869511041397336,test
2026-06-09,1.1556,-0.018163265657383826,-0.02108344,0.023611343,-0.017903118257568466,0.023869511041397336,test
2026-06-10,1.155,-0.014388737452099565,-0.021289643,0.022371862,-0.017903118257568466,0.023869511041397336,test
2026-06-11,1.1515,-0.009774054597427029,-0.021210369,0.023729602,-0.017903118257568466,0.023869511041397336,test
2026-06-12,1.1573,-0.01287086208567223,-0.020993162,0.023745958,-0.017903118257568466,0.023869511041397336,test
2026-06-15,1.1599,-0.015815414805549044,-0.020500496,0.023808256,-0.017903118257568466,0.023869511041397336,test
2026-06-16,1.1615,-0.02008850543482113,-0.020552702,0.023663916,-0.017903118257568466,0.023869511041397336,test
2026-06-17,1.1593,-0.012586425434114534,-0.020853525,0.02440211,-0.017903118257568466,0.023869511041397336,test
2026-06-18,1.147,-0.003843470839008517,-0.021269804,0.023928268,-0.017903118257568466,0.023869511041397336,test
2026-06-22,1.1432,-0.0007875738757561479,-0.021209197,0.023871437,-0.017903118257568466,0.023869511041397336,test
2026-06-23,1.1383,0.0011414022925821388,-0.021902425,0.024509408,-0.017903118257568466,0.023869511041397336,test
2026-06-24,1.1348,0.00798705259693136,-0.022153245,0.02752511,-0.017919346588819586,0.023869511041397336,test
2026-06-25,1.1385,0.004644445977421391,-0.021996938,0.024429245,-0.017919346588819586,0.023869511041397336,test
2026-06-26,1.1403,-8.770006583122547e-05,-0.022081975,0.02454122,-0.017919346588819586,0.023869511041397336,test
2026-06-29,1.1425,0.000262547588258194,-0.021913877,0.02471773,-0.017919346588819586,0.023869511041397336,test
2026-06-30,1.1417,0.0016628017658752714,-0.021863488,0.025008913,-0.017919346588819586,0.023869511041397336,test
2026-07-01,1.1384,0.005518826148788014,-0.0218156,0.024672078,-0.018125252742065216,0.023869511041397336,test
2026-07-02,1.1448,-0.0006990563024980856,-0.021621726,0.024769412,-0.018125252742065216,0.023869511041397336,test
2026-07-06,1.1426,-0.0013136578497282003,-0.021711858,0.023538457,-0.018125252742065216,0.023869511041397336,test
2026-07-07,1.1423,-0.0013140030798699798,-0.021325154,0.023380049,-0.018125252742065216,0.023869511041397336,test
2026-07-08,1.1396,0.0015782554788545122,-0.021384822,0.02320042,-0.018125252742065216,0.023869511041397336,test
2026-07-09,1.1439,-0.005786444341228852,-0.020872224,0.02331965,-0.018125252742065216,0.023869511041397336,test
2026-07-10,1.1438,-0.004644445977421391,-0.020922653,0.024791412,-0.018125252742065216,0.023869511041397336,test
2026-07-13,1.1402,-0.002282905548505215,-0.021338718,0.02301708,-0.018125252742065216,0.023869511041397336,test
2026-07-14,1.1428,-0.002365413516944026,-0.020988751,0.022867566,-0.018125252742065216,0.023869511041397336,test
2026-07-15,1.1436,-0.004557413672514027,-0.02109482,0.023593288,-0.018125252742065216,0.023869511041397336,test
2026-07-16,1.1447,0.006530564373851966,-0.021276599,0.024413358,-0.018125252742065216,0.023869511041397336,test
2026-07-17,1.144,0.006881859992717537,-0.021200763,0.02458792,-0.018125252742065216,0.023869511041397336,test
2026-07-20,1.1411,0.00855153553381141,-0.02136486,0.025397366,-0.018125252742065216,0.023869511041397336,test
2026-07-21,1.1408,0.010377245946935426,-0.021380078,0.023846017,-0.018125252742065216,0.023869511041397336,test
2026-07-22,1.1414,0.011584990855202482,-0.021351296,0.024397742,-0.018125252742065216,0.023869511041397336,test
2026-07-23,1.1373,0.012929331853608977,-0.021554083,0.022399392,-0.018125252742065216,0.023869511041397336,test
2026-07-24,1.1385,0.015167654796427177,-0.021411754,0.020629436,-0.018125252742065216,0.023869511041397336,test
2026-07-27,1.1376,0.015352709089585415,-0.02139303,0.022262445,-0.018125252742065216,0.023869511041397336,test
2026-07-28,1.1401,0.012378121781192603,-0.021213729,0.020609088,-0.018125252742065216,0.023869511041397336,test
2026-07-29,1.1384,0.013610400292402125,-0.021213729,0.019547272,-0.018125252742065216,0.023869511041397336,test
2026-07-30,1.1522,0.0007808094787878916,-0.02022193,0.027952058,-0.018125252742065216,0.023869511041397336,test
2026-07-31,1.1519,0.005367978257871248,-0.02007333,0.026829438,-0.018125252742065216,0.023869511041397336,test
2026-08-03,1.1509,0.007099596920253914,-0.020256607,0.027107289,-0.018125252742065216,0.023869511041397336,test
2026-08-04,1.1527,0.004587362525973554,-0.02007333,0.026944248,-0.018125252742065216,0.023869511041397336,test
2026-08-05,1.1547,0.010081512296583606,-0.020085877,0.027532604,-0.018125252742065216,0.023869511041397336,test
2026-08-06,1.1521,0.01362090024051188,-0.020550307,0.030917564,-0.018125252742065216,0.023869511041397336,test
2026-08-07,1.1559,0.010756030213364465,-0.020817468,0.028158937,-0.018125252742065216,0.023869511041397336,test
2026-08-10,1.1552,0.009734323322922955,-0.02082474,0.029051164,-0.018125252742065216,0.023869511041397336,test
2026-08-11,1.1543,0.01119929003775097,-0.020399176,0.028574921,-0.018125252742065216,0.023869511041397336,test
2026-08-12,1.154,0.009572752157850667,-0.020744937,0.028108058,-0.018125252742065216,0.023869511041397336,test
2026-08-13,1.1531,0.010610407931903265,-0.020817906,0.029516546,-0.018125252742065216,0.023869511041397336,test
2026-08-14,1.1581,0.0014668452520082698,-0.020498859,0.027446248,-0.018125252742065216,0.023869511041397336,test
2026-08-17,1.1591,0.0022406076247297457,-0.020607457,0.028025644,-0.018125252742065216,0.023869511041397336,test
2026-08-18,1.158,0.001121995543415244,-0.020607457,0.027967013,-0.018125252742065216,0.023869511041397336,test
2026-08-19,1.1664,-0.006191970247921147,-0.020440076,0.028826065,-0.018125252742065216,0.023869511041397336,test
2026-08-20,1.1679,-0.004806463634857316,-0.020167267,0.028584735,-0.018125252742065216,0.023869511041397336,test
2026-08-21,1.1684,-0.005664764955153917,-0.020208023,0.029812898,-0.018125252742065216,0.023869511041397336,test
2026-08-24,1.1665,-0.003262925786922194,-0.02021133,0.029350214,-0.018125252742065216,0.023869511041397336,test
2026-08-25,1.1673,-0.0039485029840550245,-0.020208023,0.02929274,-0.018125252742065216,0.023869511041397336,test
2026-08-26,1.1651,-0.0018900349268979044,-0.020555327,0.032893542,-0.018125252742065216,0.023869511041397336,test
2026-08-27,1.1654,-0.004299602461724783,-0.020565525,0.02900312,-0.018125252742065216,0.023869511041397336,test
2026-08-28,1.1598,-0.00423381632129835,-0.020684337,0.022513079,-0.018125252742065216,0.023869511041397336,test
2026-08-31,1.1617,-0.006476986242563126,-0.020574335,0.02244667,-0.018125252742065216,0.023869511041397336,test
2026-09-01,1.1593,-0.004755531853566752,-0.021210706,0.020255756,-0.018125252742065216,0.023869511041397336,test
2026-09-02,1.1592,-0.009795925935021654,-0.02124895,0.020910777,-0.018125252742065216,0.023869511041397336,test
2026-09-03,1.1623,-0.013774203135700186,-0.020752877,0.021299448,-0.018125252742065216,0.023869511041397336,test
2026-09-04,1.1618,-0.012907876187955247,-0.021097908,0.022369541,-0.018125252742065216,0.023869511041397336,test
2026-09-08,1.1627,-0.016913539058904914,-0.021013485,0.022390185,-0.018125252742065216,0.023869511041397336,test
2026-09-09,1.1627,-0.02024307862826738,-0.021013485,0.024242535,-0.018125252742065216,0.023869511041397336,test
2026-09-10,1.1629,-0.022259853108598737,-0.021013485,0.02398471,-0.018125252742065216,0.023869511041397336,test
2026-09-11,1.1604,-0.017736510858707977,-0.021351296,0.023048503,-0.018125252742065216,0.023869511041397336,test
